,mol_id,Smiles
1225,445,COc1cc(-c2nc3ccccc3n2Cc2ccc(Cl)cc2Cl)c2c(c1O)CN1CCc3cc4c(cc3C1C2)OCO4
1393,1380,N#Cc1ccc(Nc2nc(Oc3ncnc4ccccc34)nc(N3CCN(c4ccccc4Cl)CC3)n2)cc1C(F)(F)F
1037,1208,O=C(O)c1cn(C2CC2)c2cc(N3CCNCC3)c(F)cc2c1=O
9,628,COc1ccc(C2C(Cl)C(=O)N2CCN2CCN(C(=O)CCl)CC2)cc1O
859,579,Fc1ccc(-n2cc(CN(Cc3cn(-c4ccc(F)c(Cl)c4)nn3)c3nc4ccccc4s3)nn2)cc1Cl
777,756,Cc1cc(=O)oc2cc(OCCCCn3cncn3)cc(OCCCCn3cncn3)c12.Cl
756,1525,O=C(O)c1cn(C2CC2)c2cc(N3CCNCC3)c(F)cc2c1=O
1161,1042,COc1cc(-c2nc3ccccc3n2Cc2cccc(Cl)c2)c2c(c1O)CN1CCc3cc4c(cc3C1C2)OCO4
1495,378,CCn1cc(C(=O)O)c(=O)c2cc(F)c(N3CCN(CC(=O)OCC4C=CC(n5cc(C)c(=O)[nH]c5=O)O4)CC3)cc21
301,1434,c1ccc(-c2nc3ccccc3[nH]2)cc1
560,1091,COC(=O)C1CCCCN(c2ccccn2)C1C(=O)OC
1408,81,CN(C)C(=N)c1ccc2cc(-c3ccc(Oc4ccc(-c5cc6ccc(C(=N)N(C)C)cc6[nH]5)cc4)cc3)[nH]c2c1
1204,1407,COc1cc(C=O)c2c(c1O)CN1CCc3cc4c(cc3C1C2)OCO4
1374,348,CCn1cc(C(=O)O)c(=O)c2cc(F)c(N3CCNCC3)cc21
1262,1052,CC1(C)CC(=O)C2=C(C1)N(c1ccc(F)cc1)C(=O)CC2c1cn(-c2ccccc2)nc1-c1ccc(Br)cc1
1473,1237,N#Cc1c(-c2ccccc2)cc(-c2ccc(Nc3cc(=O)oc4ccccc34)cc2)nc1N
519,762,CCn1c2ccc3cc2c2cc(ccc21)C(=O)c1ccc(cc1)Cn1cc[n+](c1)Cc1ccc(cc1)-c1cccc(c1C(=O)O)-c1ccc(cc1)C[n+]1ccn(c1)Cc1ccc(cc1)C3=O.[Br-].[Br-]
930,138,CCn1c2ccc3cc2c2cc(ccc21)C(=O)c1ccc(cc1)Cn1cc[n+](c1)Cc1cc([N+](=O)[O-])cc(c1O)C[n+]1ccn(c1)Cc1ccc(cc1)C3=O.[Br-].[Br-]
217,796,O=C(O)c1cn(CC(O)Cn2cncn2)c2cc(C(F)(F)F)ccc2c1=O
1133,174,CCC(=O)NC1=NN(C(=O)CC)C2(S1)C1CCCC2C(c2ccc(Cl)cc2)NC1c1ccc(Cl)cc1
732,969,O=C(OCc1cn(-c2cccc(Cl)c2Cl)nn1)c1cn(C2CC2)c2cc(N3CCN(Cc4cn(-c5cccc(Cl)c5Cl)nn4)CC3)c(F)cc2c1=O
1556,774,O=C(O)c1cn(C2CC2)c2cc(N3CCNCC3)c(F)cc2c1=O
1205,959,CC(=O)NC1=NN(C(C)=O)C2(S1)C1CCCC2C(c2ccc(F)cc2)NC1c1ccc(F)cc1
1535,865,CCOC(=O)c1cn(CC)c2nc(C)ccc2c1=O
248,1044,N#Cc1ccc(Nc2nc(Oc3ccnc4ccccc34)nc(N3CCN(C(c4ccccc4)c4ccc(Cl)cc4)CC3)n2)cc1C(F)(F)F
717,166,COc1cc(-c2nc3ccccc3n2Cc2ccccc2F)c2c(c1O)CN1CCc3cc4c(cc3C1C2)OCO4.Cl
1312,1114,COc1ccc2cc3[n+](cc2c1OCc1nc2ccccc2n1Cc1ccc(Cl)cc1)CCc1cc2c(cc1-3)OCO2.[Cl-]
1089,404,O=C1CCCC2=C1C(c1cn(-c3ccccc3)nc1-c1ccccc1)CC(=O)N2c1ccc(F)cc1
349,47,O=C1c2cccc3c(Br)ccc(c23)C(=O)N1CCCCCn1c[n+](Cc2ccc(F)cc2F)cn1.[Br-]
661,206,Clc1ccc(-c2nnc3n2ccc2nnc(-c4ccc(Cl)cc4)n23)cc1
599,1226,CCCCCCCCn1c(-c2cc(-c3ccc(Cl)cc3)nc(N)n2)nc2ccccc21
272,1433,COc1ccc(C2SCC(=O)N2CCN2CCNCC2)cc1
504,383,C=CCn1c(=O)c(C2C(C(=O)OC(C)C)=C(N)N(NC(=O)c3ccncc3)C3=C2C(=O)CC(C)(C)C3)cc2ccccc21
180,811,CCCCCCCCOc1cc(C)c2c(c1C(C)C)C=C(C)C(=O)C2=O
1101,1530,CCn1cc(C(=O)O)c(=O)c2cc(F)c(N3CCNCC3)cc21
273,1148,CCOC(=O)c1cn(CC2CO2)c2c(F)cccc2c1=O
1428,424,O=[N+]([O-])c1ccc(-c2nnc3n2ccc2nnc(-c4ccc([N+](=O)[O-])o4)n23)o1
1268,1206,CC1=C(C(=O)OC(C)C)C(c2ccc(F)cc2)NC(=O)N1
889,1532,CC1=C2OCC(C)c3ccc(C)c(c32)C(=O)C1=O
521,269,CCOc1ccc2c(c1)sc1nc(-c3ccccc3)c(COCc3cn(Cc4ccccc4Cl)nn3)n12
319,527,COc1ccc(-c2nnc(Cn3c(C)nc4ccccc43)o2)cc1
616,111,O=c1c2c3c(sc2nnn1-c1ccc(F)c(Cl)c1)CCCC3
611,1214,CCn1cc(C(=O)O)c(=O)c2cc(F)c(N3CCNCC3)cc21
125,1392,O=C(O)c1cn(C2CC2)c2cc(N3CCNCC3)c(F)cc2c1=O
699,93,COc1c(O)cc2oc3cc(O)c(CC=C(C)C)c(O)c3c(=O)c2c1CC=C(C)C
524,115,CCn1cc(C(=O)O)c(=O)c2cnc(N3CCN(Cc4cn(-c5ccc([N+](=O)[O-])cc5)nn4)CC3)nc21
541,1526,CC1=Cc2c(C(C)C)ccc(C)c2C(=O)C1=O
638,462,Cc1cc(=O)oc2cc(OCCCCn3cncn3)cc(OCCCCn3cncn3)c12
24,474,CCOC(=O)N1CCN(CC(=O)N2C(c3ccc(Cl)cc3)C(C)C(=O)C(C)C2c2ccc(Cl)cc2)CC1
284,547,Cc1cc(=O)oc2cc(Oc3nc(Nc4ccc(N5C(=O)CSC5c5ccc(O)cc5O)cc4)nc(N(C)C)n3)ccc12
551,1325,CCn1cc(C(=O)O)c(=O)c2cc(F)c(N3CCNCC3)cc21
878,544,O=C1CCCC2=C1C(c1cn(-c3ccccc3)nc1-c1cccs1)CC(=O)N2c1ccc(F)cc1
794,1130,O=[N+]([O-])c1ccc(Cn2cc(COCc3c(-c4ccccc4)nc4sc5ccccc5n34)nn2)cc1
1234,1090,N#Cc1c(-c2ccc(O)cc2O)cc(-c2ccc(Nc3cc(=O)oc4ccccc34)cc2)nc1N
1281,1484,CCn1cc(C(=O)O)c(=O)c2cc(F)c(N3CCNCC3)cc21
507,695,CC(=O)Nc1ccc(S(=O)(=O)Cc2nc3ccccc3n2Cc2ccccc2Cl)cc1
172,1416,CCn1cc(C(=O)O)c(=O)c2cc(F)c(N3CCNCC3)cc21
423,1212,CCn1cc(C(=O)NNS(=O)(=O)c2ccc(C)cc2)c(=O)c2ccccc21
1390,1440,CCn1cc(C(=O)O)c(=O)c2cc(F)c(N3CCNCC3)cc21
230,1204,COc1cc(-c2nnc(COc3cc(=O)oc4ccccc34)[nH]2)cc(OC)c1OC
107,172,CCn1cc(C(=O)O)c(=O)c2cc(F)c(N3CCNCC3)cc21
1148,1542,O=C(O)c1cn(C2CC2)c2cc(N3CCNCC3)c(F)cc2c1=O
1436,872,CCn1cc(C(=O)NN)c(=O)c2cc(F)ccc21
202,641,CC(=O)NC1=NN(C(C)=O)C2(S1)C1CCCC2C(c2ccc(Cl)cc2)NC1c1ccc(Cl)cc1
1350,1259,CCn1cc(C(=O)O)c(=O)c2cc(F)c(N3CCNCC3)cc21
979,387,N=C1C(=S)N(c2ccc(I)cc2)C(=S)N1c1ccc(I)cc1
1439,20,COc1c(N2CCN(c3nnc(-c4ccc([N+](=O)[O-])cc4)s3)C(C)C2)c(F)cc2c(=O)c(C(=O)O)cn(C3CC3)c12
1554,1520,O=C(O)c1cn(C2CC2)c2cc(N3CCNCC3)c(F)cc2c1=O
73,1470,CCn1cc(C(=O)O)c(=O)c2cc(F)c(N3CCNCC3)cc21
321,1528,CC(C)=CCc1c(O)cc2oc3cc(O)c(O)c(CC=C(C)C)c3c(=O)c2c1O
249,1393,CCn1cc(C(=O)O)c(=O)c2cc(F)c(N3CCNCC3)cc21
1047,794,c1ccc(-c2nc3sc4ccccc4n3c2COCCCCCCCCCCn2cncn2)cc1
1187,450,COc1cc(C2C(Cl)C(=O)N2CCN2CCN(C(=O)CCl)CC2)ccc1O
668,1447,COc1ccc(C2SCC(=O)N2CCN2CCNCC2)cc1O
1443,297,Nc1nc(-c2ccc(F)cc2)cc(-c2ccc(Nc3cc(=O)oc4ccccc34)cc2)n1
814,1051,Cc1ccc(-c2nn(-c3ccccc3)cc2C2CC(=O)N(c3ccc(F)cc3)C3=C2C(=O)CC(C)(C)C3)cc1
1336,1421,O=C(O)c1cn(C2CC2)c2cc(N3CCNCC3)c(F)cc2c1=O
647,1185,COc1ccc(-c2cc(-c3ccc(Nc4cc(=O)oc5ccccc45)cc3)nc(N)n2)cc1OC
609,1217,Cl.Cl.Fc1ccc(CN(Cc2nc3ccccc3[nH]2)c2cc(C(F)(F)F)cc(C(F)(F)F)c2)c(F)c1
933,857,O=C1c2cccc3c(Br)ccc(c23)C(=O)N1CCCn1ccnc1
290,1344,COc1ccc(N2CCN(c3nc(Nc4ccc(C#N)c(C(F)(F)F)c4)nc(Oc4ncnc5ccccc45)n3)CC2)cc1
441,351,Cc1ccc(-c2cc(-c3nc4ccccc4[nH]3)nc(N)n2)cc1
411,338,CCN1CCN(CC2SC(c3cccc(F)c3)N(c3ccc(Nc4nc(Oc5cc(=O)n(C)c6ccccc56)nc(N(C)C)n4)cc3)C2=O)CC1
443,1080,Cc1ccc(C2SCC(=O)N2c2ccc(Nc3nc(Oc4ccc5c(C)cc(=O)oc5c4)nc(N(C)C)n3)cc2)cc1
1227,77,CCn1cc(C(=O)NNS(=O)(=O)c2ccc(C)cc2)c(=O)c2cc(Cl)ccc21
356,1129,CCn1cc(C(=O)NCCC(=O)N2CCN(c3cc4c(cc3F)c(=O)c(C(=O)O)cn4C3CC3)CC2)c(=O)c2ccc(C)nc21
345,165,COc1cc(-c2nc3cc(F)ccc3[nH]2)c2c(c1O)CN1CCc3cc4c(cc3C1C2)OCO4
365,526,O=c1c2c3c(sc2nnn1-c1ccc(F)cc1)CCCC3
53,90,O=C(O)c1cn(C2CC2)c2cc(N3CCNCC3)c(F)cc2c1=O
179,1352,CCn1cc(C(=O)O)c(=O)c2cc3c(cc21)OCO3
177,33,COc1ccc(CN2CCN(c3nc(Nc4ccc(C#N)c(C(F)(F)F)c4)nc(Oc4ccnc5ccccc45)n3)CC2)c(OC)c1OC
1212,30,N#Cc1ccc(Nc2nc(Oc3ccnc4ccccc34)nc(N3CCN(c4cccc(Cl)c4Cl)CC3)n2)cc1C(F)(F)F
622,642,CCC(=O)NC1=NN(C(=O)CC)C2(S1)C1CCCC2C(c2ccccc2Cl)NC1c1ccccc1Cl
651,434,O=[N+]([O-])c1ccc(-c2nnc3n2ccc2nnc(-c4ccc([N+](=O)[O-])cc4)n23)cc1
650,649,O=C(O)c1cn(C2CC2)c2cc(N3CCNCC3)c(F)cc2c1=O
960,1071,O=C1CSC(c2ccc(O)cc2)N1CCN1CCNCC1
1235,1513,O=C(O)c1cn(C2CC2)c2cc(N3CCNCC3)c(F)cc2c1=O
69,381,CCn1cc(C(=O)O)c(=O)c2cc(F)c(N3CCNCC3)cc21
12,1452,O=C1c2cccc3c(Sc4nc5ccccc5n4Cc4ccc(Cl)cc4Cl)ccc(c23)C(=O)N1CCCCn1c[n+](Cc2ccccc2Cl)cn1
1481,518,O=C1CCCC2=C1C(c1cn(-c3ccccc3)nc1-c1ccc(Cl)cc1)CC(=O)N2c1ccc(F)cc1
957,5,COc1c(N2CCN(c3nnc(-c4ncc([N+](=O)[O-])n4C)s3)C(C)C2)c(F)cc2c(=O)c(C(=O)O)cn(C3CC3)c12
1498,318,COc1ccc(CN2CCN(c3nc(Nc4ccc(C#N)c(C(F)(F)F)c4)nc(Oc4ncnc5ccccc45)n3)CC2)c(OC)c1OC
1364,155,CCOC(=O)c1cn(CC(O)Cn2cncn2)c2ccc(C)cc2c1=O
808,1288,O=C1CCCC2=C1C(c1cn(-c3ccccc3)nc1-c1ccc([N+](=O)[O-])cc1)CC(=O)N2c1ccc(F)cc1
1513,162,CCn1cc(C(=O)O)c(=O)c2cc(F)c(N3CCN(Cc4cn(-c5ccccc5)nn4)CC3)cc21
1389,1292,Cc1cc(=O)oc2cc(Oc3nc(Nc4ccc(N5C(=O)CSC5c5ccc(O)cc5)cc4)nc(N(C)C)n3)ccc12
1188,163,CCn1c2ccc3cc2c2cc(ccc21)C(=O)c1ccc(cc1)Cn1c[n+](c2ccccc21)Cc1ccc(cc1)C(=O)c1ccc2c(c1)c1cc(ccc1n2CC)C(=O)c1ccc(cc1)C[n+]1cn(c2ccccc21)Cc1ccc(cc1)C3=O.[Br-].[Br-]
38,1388,O=C(O)c1cn(C2CC2)c2cc(N3CCNCC3)c(F)cc2c1=O
934,611,N=C(c1ccc2cc(-c3ccc(Oc4ccc(-c5cc6ccc(C(=N)N7CCC(N8CCCC8)CC7)cc6[nH]5)cc4)cc3)[nH]c2c1)N1CCC(N2CCCC2)CC1
87,1511,CCOC(=O)c1cn(CC2CO2)c2ccc(F)cc2c1=O
1291,1443,O=C(O)c1cn(C2CC2)c2cc(N3CCNCC3)c(F)cc2c1=O
806,750,CCn1cc(C(=O)O)c(=O)c2cc(F)c(N3CCN(Cc4cn(-c5ccc(C)cc5)nn4)CC3)cc21
1243,266,CCCCOc1cc(C)c2c(c1C(C)C)C=C(C)C(=O)C2=O
729,1381,O=c1c(F)cn(Cc2nc3ccccc3n2Cc2cccc(F)c2)c(=O)n1Cc1cccc(F)c1
885,889,CC(=O)N1CCN(c2nc(Nc3ccc(C#N)c(C(F)(F)F)c3)nc(Oc3ncnc4ccccc34)n2)CC1
364,1147,O=C(O)c1cn(C2CC2)c2cc(N3CCNCC3)c(F)cc2c1=O
1043,1519,O=C(O)c1cn(C2CC2)c2cc(N3CCNCC3)c(F)cc2c1=O
674,539,C=CC(C)(C)c1c(O)c(CC=C(C)C)c(O)c2c(=O)c3ccc(O)c(O)c3oc12
585,91,CCn1cc(C(=O)O)c(=O)c2ccc(C)nc21
291,951,NCC1CCC(N)C(OC2C(N)CC(N)C(OC3CC(N)C(O)C(CO)O3)C2O)O1
1022,1375,CCn1cc(C(=O)O)c(=O)c2cc(F)c(N3CCNCC3)cc21
269,1466,O=C(O)c1cn(C2CC2)c2cc(N3CCNCC3)c(F)cc2c1=O
683,714,O=C(OCc1cn(-c2ccc(F)cc2Cl)nn1)c1cn(C2CC2)c2cc(N3CCN(Cc4cn(-c5ccc(F)cc5Cl)nn4)CC3)c(F)cc2c1=O
1001,342,N#Cc1c(-c2ccc(F)cc2)cc(-c2ccc(Nc3cc(=O)oc4ccccc34)cc2)nc1N
882,1555,O=C(O)c1cn(C2CC2)c2cc(N3CCNCC3)c(F)cc2c1=O
341,1098,Clc1ccccc1-n1cc(CN(Cc2cn(-c3ccccc3Cl)nn2)c2nc3ccccc3s2)nn1
455,97,N#CC1=C(N)OC2=C(C(=O)c3ccccc3C2=O)C1c1cc2ccccc2nc1N1CCOCC1
479,805,O=C1CCCC2=C1C(c1cn(-c3ccccc3)nc1-c1ccc(Br)cc1)CC(=O)N2c1ccc(F)cc1
1058,861,CCn1cc(C(=O)O)c(=O)c2cc(F)c(N3CCNCC3)cc21
886,1037,CCn1cc(C(=O)O)c(=O)c2cc(F)c(N3CCNCC3)cc21
0,791,CC1(C)CC(=O)C2=C(C1)N(c1ccc(F)cc1)C(=O)CC2c1cn(-c2ccccc2)nc1-c1ccccc1
1437,1235,N#Cc1c(-c2ccccc2O)cc(-c2ccc(Nc3cc(=O)oc4ccccc34)cc2)nc1N
481,1527,O=C(O)c1cn(C2CC2)c2cc(N3CCNCC3)c(F)cc2c1=O
1027,139,CCn1c2ccc3cc2c2cc(ccc21)C(=O)c1ccc(cc1)Cn1cc[n+](c1)Cc1ccc(cc1)C(=O)c1ccc2c(c1)c1cc(ccc1n2CC)C(=O)c1ccc(cc1)C[n+]1ccn(c1)Cc1ccc(cc1)C3=O.[Br-].[Br-]
451,870,CCn1cc(C(=O)NNS(=O)(=O)c2ccc(C)cc2)c(=O)c2cc(F)c(Cl)cc21
849,1200,O=C(O)c1cn(C2CC2)c2cc(N3CCNCC3)c(F)cc2c1=O
1016,1039,CCn1c(-c2cc(OC)c(O)c3c2CC2c4cc5c(cc4CCN2C3)OCO5)nc2ccccc21
1160,1113,CCCCCCCCCCCCn1c(COc2c(OC)ccc3cc4[n+](cc23)CCc2cc3c(cc2-4)OCO3)nc2ccccc21.[Cl-]
548,1264,Nc1ncc(-c2cn(Cc3ccccc3F)c3c(F)cc(F)cc3c2=O)s1
1353,790,O=c1cc(OCc2nnc(-c3ccc(Br)cc3)[nH]2)c2ccccc2o1
991,497,O=C1N(c2ccc(Cl)cc2)CC(=S)N1c1ccc(Cl)c(Cl)c1
1126,39,Cc1cn(C2C=CC(COC(=O)CN3CCN(c4cc5c(cc4F)c(=O)c(C(=O)O)cn5C4CC4)CC3)O2)c(=O)[nH]c1=O
1555,580,Fc1ccc(-n2cc(CN(Cc3cn(-c4ccc(F)cc4F)nn3)c3nc4ccccc4s3)nn2)c(F)c1
1132,1041,COc1cc(-c2nc3ccccc3n2Cc2ccc(Cl)cc2)c2c(c1O)CN1CCc3cc4c(cc3C1C2)OCO4
185,1207,CCn1cc(C(=O)O)c(=O)c2cc(F)c(N3CCNCC3)cc21
1275,532,COc1ccc(C2SC(CN3CCN(c4ccccn4)CC3)C(=O)N2c2ccc(Nc3nc(Oc4ccc5c(C)cc(=O)oc5c4)nc(N(C)C)n3)cc2)cc1
1358,510,N#CC(=S)Nc1ccc(Cl)c(Cl)c1
968,1476,CCOc1ccc2c(c1)sc1nc(-c3ccccc3)c(COCc3cn(Cc4cccc(Cl)c4)nn3)n12
707,923,O=C(O)c1cn(CC(O)Cn2cncn2)c2c(Cl)cc(Cl)cc2c1=O
421,321,Cc1ccc(-c2nnc(COc3cc(=O)oc4ccccc34)[nH]2)cc1
242,1145,O=C(OCc1cn(-c2ccc(F)c(Cl)c2)nn1)c1cn(C2CC2)c2cc(N3CCN(Cc4cn(-c5ccc(F)cc5Cl)nn4)CC3)c(F)cc2c1=O
393,1387,CC1CC(C)CN(c2nc(-c3ccc(NCC(=O)Nc4ccc(Br)cc4)cc3)nc(N3CC(C)CC(C)C3)n2)C1
655,113,O=C(O)c1cn(C2CC2)c2cc(N3CCNCC3)c(F)cc2c1=O
1120,359,Cc1cc(=O)oc2cc(OCCCCCn3cncn3)cc(OCCCCCn3cncn3)c12
232,140,O=C(O)c1cn(CC(O)Cn2cncn2)c2ccc(F)cc2c1=O
561,1545,O=C(O)c1cn(C2CC2)c2cc(N3CCNCC3)c(F)cc2c1=O
477,271,CCOc1ccc2c(c1)sc1nc(-c3ccccc3)c(COCc3cn(Cc4ccc([N+](=O)[O-])cc4)nn3)n12
676,1177,CC(=O)N(C1=NN(C(C)=O)C2(S1)C1CCCC2C(c2ccc(Cl)cc2)N(C(C)=O)C1c1ccc(Cl)cc1)c1ccccc1
195,1002,COC(=O)C1CCCCN(c2ccc(Cl)cc2)C1C(=O)OC
1256,514,CC(=O)N1CCN(c2nc(Oc3cccc4cccnc34)nc(Sc3nnc(-c4cc5ccccc5oc4=O)o3)n2)CC1
1165,644,CCCCCCCn1c(-c2cc(-c3ccc(Cl)cc3)nc(N)n2)nc2ccccc21
1285,180,O=C(OCc1cn(-c2ccc(OC(F)(F)F)cc2)nn1)c1cn(C2CC2)c2cc(N3CCN(Cc4cn(-c5ccc(OC(F)(F)F)cc5)nn4)CC3)c(F)cc2c1=O
544,1373,CCn1cc(C(=O)O)c(=O)c2cc(F)c(N3CCNCC3)cc21
1357,1335,O=C(O)c1cn(C2CC2)c2cc(N3CCNCC3)c(F)cc2c1=O
542,1403,Cc1ncc([N+](=O)[O-])n1CCCOCc1c(-c2ccccc2)nc2sc3ccccc3n12
1446,1408,CCn1cc(C(=O)O)c(=O)c2cc(F)c(N3CCNCC3)cc21
977,319,CC1CC(C)CN(c2nc(Nc3ccc(C#N)c(C(F)(F)F)c3)nc(Oc3ncnc4ccccc34)n2)C1
1164,451,O=C(CCl)N1CCN(CCN2C(=O)C(Cl)C2c2ccc(O)cc2)CC1
78,215,CC(=O)Nc1ccc(S(=O)(=O)Cc2nc3ccccc3n2Cc2ccc(Cl)cc2Cl)cc1
634,469,Cc1cc(=O)oc2cc(Oc3nc(Nc4ccc(N5C(=O)CSC5c5cccc(F)c5)cc4)nc(N(C)C)n3)ccc12
1135,555,Cc1cc(=O)oc2cc(OCCCCCCn3cncn3)cc(OCCCCCCn3cncn3)c12
1420,1492,COc1ccc2cc3[n+](cc2c1OCc1nc2ccccc2n1Cc1ccc(F)cc1)CCc1cc2c(cc1-3)OCO2.[Cl-]
54,103,CCOC(=O)c1cn(CC(O)Cn2cncn2)c2cc(C(F)(F)F)ccc2c1=O
1488,1156,CCC(=O)NC1=NN(C(=O)CC)C2(S1)C1CCCC2C(c2ccccc2)N(C(=O)CC)C1c1ccccc1
1494,480,Cc1ccc(N(Cc2cccc(Cl)c2)Cc2nc3ccccc3[nH]2)cc1
1121,83,CCCn1c(-c2cc(OC)c(O)c3c2CC2c4cc5c(cc4CCN2C3)OCO5)nc2ccccc21
1287,259,COc1cc(-c2nc3ccccc3n2Cc2ccccc2Cl)c2c(c1O)CN1CCc3cc4c(cc3C1C2)OCO4
109,1228,Nc1nc(-c2ccc(F)cc2)cc(-c2nc3ccccc3[nH]2)n1
627,96,CCn1cc(C(=O)O)c(=O)c2cc(F)c(N3CCNCC3)cc21
155,476,COc1ccc2cc3[n+](cc2c1OCc1nc2ccccc2[nH]1)CCc1cc2c(cc1-3)OCO2.[Cl-]
640,446,O=C1c2cccc3c(Br)ccc(c23)C(=O)N1CCCCCn1cc[n+](Cc2ccc(F)cc2F)c1.[Br-]
924,524,CCOC(=O)c1cn(CC2CO2)c2cc(Cl)ccc2c1=O
1099,1485,CCn1cc(C(=O)O)c(=O)c2cc(F)c(N3CCNCC3)cc21
1522,1491,CCCCCCCCCCn1c(COc2c(OC)ccc3cc4[n+](cc23)CCc2cc3c(cc2-4)OCO3)nc2ccccc21.[Cl-]
1005,1482,O=C(O)c1cn(C2CC2)c2cc(N3CCNCC3)c(F)cc2c1=O
590,396,S=C1NNC2(N1)C1CCCC2C(c2ccc(Cl)cc2)NC1c1ccc(Cl)cc1
1050,1543,O=C(O)c1cn(C2CC2)c2cc(N3CCNCC3)c(F)cc2c1=O
72,1442,CCn1cc(C(=O)O)c(=O)c2cc(F)c(N3CCNCC3)cc21
482,1507,CCn1cc(C(=O)O)c(=O)c2cc(F)c(N3CCNCC3)cc21
1183,386,N=C1C(=S)N(c2ccc(Br)cc2)C(=S)N1c1ccc(Br)cc1
950,1187,Nc1ncc(-c2cn(Cc3ccc(F)cc3)c3c(F)cc(F)cc3c2=O)s1
687,789,O=c1c2c3c(sc2nnn1-c1ccc(Cl)cc1)CCCC3
447,241,COc1ccc2cc3[n+](cc2c1OCc1nc2ccccc2n1Cc1ccccc1F)CCc1cc2c(cc1-3)OCO2.[Cl-]
659,1384,BrCCCOCc1c(-c2ccccc2)nc2sc3ccccc3n12
1112,313,N#Cc1c(-c2ccc([N+](=O)[O-])cc2)cc(-c2ccc(Nc3cc(=O)oc4ccccc34)cc2)nc1N
181,1176,C#CCOC(=O)c1cn(C2CC2)c2cc(N3CCN(CC#C)CC3)c(F)cc2c1=O
598,1437,O=C(O)c1cn(C2CC2)c2cc(N3CCNCC3)c(F)cc2c1=O
632,151,CCn1cc(-c2n[nH]c(=S)n2-c2nc3ccccc3[nH]c2=O)c(=O)c2ccc(C)nc21
71,1110,CCn1cc(-c2nn(-c3nc4ccccc4[nH]c3=O)c(=S)o2)c(=O)c2ccc(C)nc21
190,327,Cc1ccc(C2SC(CN3CCN(c4ccccn4)CC3)C(=O)N2c2ccc(Nc3nc(Oc4ccc5c(C)cc(=O)oc5c4)nc(N(C)C)n3)cc2)cc1
1041,326,Cc1cc(=O)oc2cc(Oc3nc(Nc4ccc(N5C(=O)C(CN6CCN(c7ccccn7)CC6)SC5c5ccc(Cl)cc5)cc4)nc(N(C)C)n3)ccc12
816,21,COc1c(N2CCN(c3nnc(-c4ccccc4[N+](=O)[O-])s3)C(C)C2)c(F)cc2c(=O)c(C(=O)O)cn(C3CC3)c12
119,1167,Cc1cc(=O)oc2cc(OCCCCn3cncn3)ccc12.Cl
1333,437,CCn1c2ccc3cc2c2cc(ccc21)C(=O)c1ccc(cc1)Cn1c[n+](c2ccccc21)Cc1cc(OC)c(cc1OC)C[n+]1cn(c2ccccc21)Cc1ccc(cc1)C3=O.[Br-].[Br-]
854,421,CCn1c2ccc3cc2c2cc(ccc21)C(=O)c1ccc(cc1)Cn1c[n+](c2ccccc21)Cc1ccc(cc1)-c1cccc(c1C(=O)O)-c1ccc(cc1)C[n+]1cn(c2ccccc21)Cc1ccc(cc1)C3=O.[Br-].[Br-]
153,955,CCOC(=O)c1cn(CC2CO2)c2cc(C(F)(F)F)ccc2c1=O
1363,1025,CCC(CC)NC(=N)c1ccc2cc(-c3ccc(Oc4ccc(-c5cc6ccc(C(=N)NC(CC)CC)cc6[nH]5)cc4)cc3)[nH]c2c1
700,862,N#Cc1ccc(Nc2nc(Oc3ccnc4ccccc34)nc(N3CCN(c4ccccc4F)CC3)n2)cc1C(F)(F)F
607,32,CCOP(=O)(OCC)C(N1CCN(c2cc3c(cc2F)c(=O)c(C(=O)O)cn3C2CC2)CC1)P(=O)(OCC)OCC
583,1490,CCCCCn1c(COc2c(OC)ccc3cc4[n+](cc23)CCc2cc3c(cc2-4)OCO3)nc2ccccc21.[Cl-]
436,706,N#Cc1ccc(Nc2nc(Oc3ccnc4ccccc34)nc(N3CCN(c4ccc(F)cc4)CC3)n2)cc1C(F)(F)F
834,1544,O=C(O)c1cn(C2CC2)c2cc(N3CCNCC3)c(F)cc2c1=O
406,1107,O=c1cc(OCc2nnc(-c3ccc(Cl)cc3)[nH]2)c2ccccc2o1
1538,1548,O=C(O)c1cn(C2CC2)c2cc(N3CCNCC3)c(F)cc2c1=O
1534,64,CC1=C(C(=O)OC(C)C)C(c2ccc([N+](=O)[O-])cc2)NC(=O)N1
462,353,CC1(C)CC(=O)C2=C(C1)N(c1ccc(F)cc1)C(=O)CC2c1cn(-c2ccccc2)nc1-c1ccc([N+](=O)[O-])cc1
208,1493,COc1ccc2cc3[n+](cc2c1OCc1nc2ccccc2n1Cc1ccc(Cl)cc1Cl)CCc1cc2c(cc1-3)OCO2.[Cl-]
578,1512,CCn1cc(C(=O)O)c(=O)c2cc(F)c(N3CCNCC3)cc21
1465,1417,COc1ccccc1-n1cc(COC(=O)c2cn(C3CC3)c3cc(N4CCN(Cc5cn(-c6ccccc6OC)nn5)CC4)c(F)cc3c2=O)nn1
738,632,CC1CC(C)CN(c2nc(-c3ccc(NCC(=O)Nc4ccc(F)cc4)cc3)nc(N3CC(C)CC(C)C3)n2)C1
33,520,Cc1cc(=O)oc2cc(OCc3ccc(Cn4cncn4)cc3)ccc12.Cl
150,1311,CCn1cc(C(=O)O)c(=O)c2ccc(C)nc21
943,1192,C#CCn1cc(-c2cnc(N)s2)c(=O)c2cc(F)cc(F)c21
1119,159,CCOc1ccc2nc(NC(=O)CSc3nnc(-c4cc5ccccc5oc4=O)o3)sc2c1
976,1415,CCCCCCCCCCCCn1c(-c2cc(OC)c(O)c3c2CC2c4cc5c(cc4CCN2C3)OCO5)nc2ccccc21
1092,24,COc1c(N2CCNC(C)C2)c(F)cc2c(=O)c(C(=O)O)cn(C3CC3)c12
1519,614,COc1ccc(CN2CCN(c3nc(Oc4cccc5cccnc45)nc(Sc4nnc(-c5cc6ccccc6oc5=O)o4)n3)CC2)c(OC)c1OC
562,1516,CCn1cc(C(=O)O)c(=O)c2cc(F)c(N3CCNCC3)cc21
559,1419,CCn1cc(C(=O)O)c(=O)c2cc(F)c(N3CCNC(C)C3)c(F)c21
558,1261,O=C1c2cccc3c(Br)ccc(c23)C(=O)N1CCCn1c[n+](Cc2ccc(Cl)cc2Cl)cn1.[Br-]
1272,41,N#Cc1ccc(Nc2nc(Oc3ncnc4ccccc34)nc(N3CCN(c4cccc(Cl)c4Cl)CC3)n2)cc1C(F)(F)F
1194,997,O=C(O)c1cn(C2CC2)c2cc(N3CCNCC3)c(F)cc2c1=O
680,391,COc1ccccc1-c1nnc(Cn2c(C)nc3ccccc32)o1
474,1086,Cc1cc(=O)oc2cc(Oc3nc(Nc4ccc(N5C(=O)CSC5c5ccc(Cl)cc5)cc4)nc(N(C)C)n3)ccc12
545,609,CCn1cc(C(=O)NN)c(=O)c2ccc(Cl)cc21
713,181,CCOC(=O)c1cn(CC(O)Cn2cncn2)c2ccc(F)cc2c1=O
1029,1338,CCn1cc(C(=O)NCC(=O)N2CCN(c3cc4c(cc3F)c(=O)c(C(=O)O)cn4C3CC3)CC2)c(=O)c2cc3c(cc21)OCO3
1085,709,CCOP(=O)(OCC)C(CN1CCN(c2cc3c(cc2F)c(=O)c(C(=O)O)cn3C2CC2)CC1)P(=O)(OCC)OCC
1448,42,N#Cc1ccc(Nc2nc(Oc3ncnc4ccccc34)nc(N3CCN(c4ccc(F)cc4)CC3)n2)cc1C(F)(F)F
471,530,CCCCCn1cc(-c2cnc(N)s2)c(=O)c2cc(F)cc(F)c21
670,1449,COc1c(N2CCNC(C)C2)c(F)cc2c(=O)c(C(=O)O)cn(C3CC3)c12
728,135,COc1ccc2oc(=O)cc(Cn3cnc4c(=O)n(C)c(=O)n(C)c43)c2c1
925,661,CCN1CCN(CC2SC(c3ccc(F)cc3)N(c3ccc(Nc4nc(Oc5cc(=O)n(C)c6ccccc56)nc(N(C)C)n4)cc3)C2=O)CC1
1521,1535,O=C(O)c1cn(C2CC2)c2cc(N3CCNCC3)c(F)cc2c1=O
491,102,CCOC(=O)c1cn(CC2CO2)c2ccc(C)cc2c1=O
1463,968,O=C(OCc1cn(-c2ccc(Cl)cc2Cl)nn1)c1cn(C2CC2)c2cc(N3CCN(Cc4cn(-c5ccc(Cl)cc5Cl)nn4)CC3)c(F)cc2c1=O
792,398,CCn1cc(C(=O)NN)c(=O)c2cc(F)c(Cl)cc21
1406,1509,CCn1cc(C(=O)O)c(=O)c2cnc(N3CCNCC3)nc21
988,701,O=C1c2cccc3c(Br)ccc(c23)C(=O)N1CCCn1c[n+](Cc2ccc(F)cc2F)cn1.[Br-]
439,928,CCN1CCN(CC2SC(c3ccc(OC)cc3)N(c3ccc(Nc4nc(Oc5cc(=O)n(C)c6ccccc56)nc(N(C)C)n4)cc3)C2=O)CC1
862,971,O=C1c2cccc3c(Br)ccc(c23)C(=O)N1CCCn1c[n+](Cc2ccc(Cl)cc2)cn1.[Br-]
1360,1173,O=C(O)c1cn(C2CC2)c2cc(N3CCN(C(P(=O)(O)O)P(=O)(O)O)CC3)c(F)cc2c1=O
873,382,O=C(OCc1cn(-c2ccc(Br)cc2)nn1)c1cn(C2CC2)c2cc(N3CCN(Cc4cn(-c5ccc(Br)cc5)nn4)CC3)c(F)cc2c1=O
1159,1462,Cn1c(=O)c2ncn(Cc3cc(=O)oc4ccc(C(C)(C)C)cc34)c2n(C)c1=O
1496,1229,CC(C)=CCc1c2c(c(O)c3c(=O)c4ccc(O)c(O)c4oc13)C=CC(C)(C)O2
1309,1339,CCOC(=O)c1cn(CC(O)Cn2cncn2)c2c(Cl)cc(Cl)cc2c1=O
962,1144,O=C(OCc1cn(-c2ccc([N+](=O)[O-])cc2)nn1)c1cn(C2CC2)c2cc(N3CCN(Cc4cn(-c5ccc([N+](=O)[O-])cc5)nn4)CC3)c(F)cc2c1=O
1038,1106,COc1ccc(-c2nnc(COc3cc(=O)oc4ccccc34)[nH]2)cc1OC
1371,1480,O=C(O)c1cn(C2CC2)c2cc(N3CCNCC3)c(F)cc2c1=O
1400,324,CC1(C)CC(=O)C2=C(C1)N(c1ccc(F)cc1)C(=O)CC2c1cn(-c2ccccc2)nc1-c1ccc(F)cc1
815,1345,CCn1cc(C(=O)O)c(=O)c2cc(F)c(N3CCNCC3)cc21
1271,156,Cc1ccc2oc(=O)cc(Cn3cnc4c(=O)n(C)c(=O)n(C)c43)c2c1
329,1112,CCn1cc(C(=O)NNS(=O)(=O)c2ccc(C)cc2)c(=O)c2ccc(Cl)cc21
899,797,CCOC(=O)c1cn(CC(O)Cn2cncn2)c2c(F)cccc2c1=O
600,976,CCn1cc(C(=O)O)c(=O)c2cc(F)c(N3CCN(CN4C(=O)C(=O)c5ccccc54)C(C)C3)c(F)c21
149,1263,CC(=O)NC1=NN(C(C)=O)C2(S1)C1CCCC2C(c2ccccc2Cl)NC1c1ccccc1Cl
628,564,O=C1c2cccc3c(Br)ccc(c23)C(=O)N1CCCn1cc[n+](Cc2ccc(F)cc2F)c1.[Br-]
368,1534,CCn1cc(C(=O)NCCC(=O)N2CCN(c3cc4c(cc3F)c(=O)c(C(=O)O)cn4C3CC3)CC2)c(=O)c2cc3c(cc21)OCO3
894,517,CCn1cc(C(=O)NN)c(=O)c2ccc(C)nc21
737,270,CCOc1ccc2c(c1)sc1nc(-c3ccccc3)c(COCc3cn(Cc4ccc(Cl)c(Cl)c4)nn3)n12
1423,781,CCn1cc(C(=O)O)c(=O)c2cc(F)c(N3CCNCC3)cc21
1442,12,COC1(O)C(=O)c2ccccc2OC1(OC)c1cn(-c2ccccc2)nc1-c1ccc([N+](=O)[O-])cc1
787,168,CCOc1ccc2c(c1)sc1nc(-c3ccccc3)c(COCCCn3c([N+](=O)[O-])cnc3C)n12
20,1483,CCn1cc(C(=O)O)c(=O)c2cc(F)c(N3CCN(Cc4cn(-c5ccc([N+](=O)[O-])cc5)nn4)CC3)cc21
382,1523,CCC1C(=O)CC(c2ccc(Cl)cc2)N(C(=O)CCl)C1c1ccc(Cl)cc1
1486,272,CCCCCCn1cc(COCc2c(-c3ccccc3)nc3sc4ccccc4n23)nn1
189,640,CC(=O)NC1=NN(C(C)=O)C2(S1)C1CCCC2C(c2cccc(F)c2)NC1c1cccc(F)c1
139,1515,O=C1C(=O)N(CN2CCN(c3cc4c(cc3F)c(=O)c(C(=O)O)cn4C3CC3)CC2)c2ccccc21
719,1275,CCCCCCCn1c(COc2c(OC)ccc3cc4[n+](cc23)CCc2cc3c(cc2-4)OCO3)nc2ccccc21.[Cl-]
520,3,CC1C(=O)CC(c2ccc(Cl)cc2)N(C(=O)CN2CCN(C)CC2)C1c1ccc(Cl)cc1
120,1040,COc1cc(-c2nc3ccccc3n2Cc2ccccc2F)c2c(c1O)CN1CCc3cc4c(cc3C1C2)OCO4
857,834,O=c1c2c3c(sc2nnn1-c1ccccc1Cl)CCCC3
1375,1468,CCn1cc(C(=O)O)c(=O)c2cc(F)c(N3CCNCC3)cc21
1056,802,CC1=Cc2c(c(C)cc(O)c2C(C)C)C(=O)C1=O
1528,933,Cc1ccc2c(c1)C(=O)C(=O)N2CN1CCN(c2cc3c(cc2F)c(=O)c(C(=O)O)cn3C2CC2)CC1
1421,455,Cc1cc(=O)oc2cc(OCc3ccc(Cn4cncn4)cc3)cc(OCc3ccc(Cn4cncn4)cc3)c12.Cl
537,1115,CCC(=O)NC1=NN(C(=O)CC)C2(S1)C1CCCC2C(c2ccc(F)cc2)NC1c1ccc(F)cc1
259,903,O=c1on(CO)c2ccccc12
486,548,COc1cc(-c2nnc(COc3cc(=O)oc4ccccc34)[nH]2)ccc1O
262,51,CCn1cc(C(=O)O)c(=O)c2cc(F)c(N3CCNCC3)cc21
68,998,CCn1cc(C(=O)NN)c(=O)c2cc(Cl)ccc21
596,513,S=C1NNC2(N1)C1CCCC2C(c2ccc(Br)cc2)NC1c1ccc(Br)cc1
163,471,CC1(C)CC(=O)C2=C(C1)N(c1ccc(F)cc1)C(=O)CC2c1cn(-c2ccccc2)nc1-c1cccs1
1378,467,CC1CC(C)CN(c2nc(-c3ccc(NCC(=O)Nc4nc5ccc(F)cc5s4)cc3)nc(N3CC(C)CC(C)C3)n2)C1
682,726,COc1ccc(Cn2c(-c3cc(OC)c(O)c4c3CC3c5cc6c(cc5CCN3C4)OCO6)nc3ccccc32)cc1
778,1253,Nc1ccc(S(=O)(=O)Cc2nc3ccccc3n2Cc2ccc(F)cc2)cc1
203,124,CC1CC(C)CN(c2nc(Oc3cccc4cccnc34)nc(Sc3nnc(-c4cc5ccccc5oc4=O)o3)n2)C1
1238,660,CCn1cc(C(=O)O)c(=O)c2ccc3c(c21)OCO3
1090,240,COc1ccc2cc3[n+](cc2c1OCc1nc2ccc(F)cc2[nH]1)CCc1cc2c(cc1-3)OCO2.[Cl-]
939,460,CCn1c2ccc3cc2c2cc(ccc21)C(=O)c1ccc(cc1)Cn1c[n+](c2ccccc21)Cc1cc([N+](=O)[O-])cc(c1O)C[n+]1cn(c2ccccc21)Cc1ccc(cc1)C3=O.[Br-].[Br-]
992,888,N#Cc1ccc(Nc2nc(Oc3ncnc4ccccc34)nc(N3CCN(c4cccc(C(F)(F)F)c4)CC3)n2)cc1C(F)(F)F
723,606,CCn1cc(C(=O)O)c(=O)c2cc(F)c(N3CCNCC3)cc21
606,322,O=c1cc(OCc2nnc(-c3ccc(F)cc3)[nH]2)c2ccccc2o1
1452,1266,CCCn1cc(-c2cnc(N)s2)c(=O)c2cc(F)cc(F)c21
412,1197,O=C(OCc1cn(-c2ccc(Cl)cc2)nn1)c1cn(C2CC2)c2cc(N3CCN(Cc4cn(-c5ccc(Cl)cc5)nn4)CC3)c(F)cc2c1=O
1413,1334,Cc1cc(=O)oc2cc(Oc3nc(Nc4ccc(N5C(=O)C(CN6CCN(c7ccccn7)CC6)SC5c5cccc(F)c5)cc4)nc(N(C)C)n3)ccc12
7,435,Cc1ccc(C2C(C)C(=O)C(C)C(c3ccc(C)cc3)N2C(=O)CN2CCOCC2)cc1
307,1245,O=C(OCc1cn(-c2ccc(F)cc2F)nn1)c1cn(C2CC2)c2cc(N3CCN(Cc4cn(-c5ccc(F)cc5F)nn4)CC3)c(F)cc2c1=O
735,132,CCOc1ccc(NC(=O)CNc2ccc(-c3nc(N4CC(C)CC(C)C4)nc(N4CC(C)CC(C)C4)n3)cc2)cc1
147,1053,COc1ccc(C2C(Cl)C(=O)N2CCN2CCN(C(=O)CCl)CC2)cc1
1338,1087,CCCCCCCn1c(-c2cc(-c3ccc(C)cc3)nc(N)n2)nc2ccccc21
354,938,CC1CC(C)CN(c2nc(Nc3ccc(C#N)c(C(F)(F)F)c3)nc(Oc3ccnc4ccccc34)n2)C1
1242,276,Cc1cc(=O)oc2cc(Oc3nc(Nc4ccc(N5C(=O)C(CN6CCN(c7ccccn7)CC6)SC5c5ccc(O)cc5O)cc4)nc(N(C)C)n3)ccc12
1267,1537,CCn1cc(C(=O)O)c(=O)c2cnc(N3CCN(Cc4cn(-c5ccccc5)nn4)CC3)nc21
895,195,CCOC(=O)c1cn(CC)c2nc(C)ccc2c1=O
66,349,CCCCn1c(-c2cc(-c3ccc(Cl)cc3)nc(N)n2)nc2ccccc21
1140,1251,Cc1ccc(-c2nn(-c3ccccc3)cc2C2CC(=O)N(c3ccc(F)cc3)C3=C2C(=O)CCC3)cc1
1407,210,CC1=C2OCC(C)c3c(O)cc(C)c(c32)C(=O)C1=O
1007,397,Fc1ccc(-n2cc(CN(Cc3cn(-c4ccc(F)cc4Cl)nn3)c3nc4ccccc4s3)nn2)c(Cl)c1
621,1302,O=C(O)c1cn(C2CC2)c2cc(N3CCN(CC(P(=O)(O)O)P(=O)(O)O)CC3)c(F)cc2c1=O
902,804,O=C1CCCC2=C1C(c1cn(-c3ccccc3)nc1-c1ccc(F)cc1)CC(=O)N2c1ccc(F)cc1
685,78,CCn1c2ccc3cc2c2cc(ccc21)C(=O)c1ccc(cc1)Cn1c[n+](c2ccccc21)Cc1cccc(n1)C[n+]1cn(c2ccccc21)Cc1ccc(cc1)C3=O.[Br-].[Br-]
241,267,Cn1c(=O)c2ncn(Cc3cc(=O)oc4ccc5ccccc5c34)c2n(C)c1=O
941,777,COc1ccc(-c2nn(-c3ccccc3)cc2C2CC(=O)N(c3ccc(F)cc3)C3=C2C(=O)CC(C)(C)C3)cc1
85,173,O=c1c2c3c(sc2nnn1-c1cccc(Cl)c1)CCCC3
1136,759,COc1c(O)cc2oc(-c3cc(O)cc(O)c3)cc2c1CC=C(C)C
601,1538,CCn1cc(C(=O)O)c(=O)c2cc(F)c(N3CCNCC3)cc21
1018,760,CCC(=O)N(C1=NN(C(=O)CC)C2(S1)C1CCCC2C(c2ccccc2Cl)NC1c1ccccc1Cl)c1ccccc1
688,528,COc1cc(C2SCC(=O)N2CCN2CCNCC2)ccc1O
1403,1195,CCn1cc(C(=O)O)c(=O)c2cc(F)c(N3CCN(CN4C(=O)C(=O)c5cc(C)ccc54)C(C)C3)c(F)c21
1514,1556,CC(C)=CCc1c(O)cc(-c2cc3ccc(O)cc3o2)cc1O
1263,1342,Clc1ccc(-n2cc(CN(Cc3cn(-c4ccc(Cl)cc4)nn3)c3nc4ccccc4s3)nn2)cc1
1130,1290,CCn1cc(C(=O)O)c(=O)c2cc(F)c(N3CCNCC3)cc21
500,494,CCN1CCN(CC2SC(c3ccc(OC)c(OC)c3)N(c3ccc(Nc4nc(Oc5cc(=O)n(C)c6ccccc56)nc(N(C)C)n4)cc3)C2=O)CC1
391,504,O=C1c2cccc3c(Br)ccc(c23)C(=O)N1CCCCCCn1c[n+](Cc2ccc(F)cc2F)cn1.[Br-]
1359,185,N#Cc1c(-c2ccc(Cl)cc2Cl)cc(-c2ccc(Nc3cc(=O)oc4ccccc34)cc2)nc1N
339,1111,CCOC(=O)c1cn(CC2CO2)c2c(Cl)cc(Cl)cc2c1=O
1218,1552,CCn1cc(C(=O)O)c(=O)c2cc(F)c(N3CCNC(C)C3)c(F)c21
773,438,Cc1cc(=O)oc2cc(Oc3nc(Nc4ccc(N5C(=O)C(CN6CCN(c7ccccn7)CC6)SC5c5ccc(O)cc5)cc4)nc(N(C)C)n3)ccc12
466,896,FC(F)(F)c1cc(NCc2nc3ccccc3[nH]2)cc(C(F)(F)F)c1
84,848,CCn1cc(C(=O)NNC(N)=S)c(=O)c2ccc(C)nc21
276,1506,O=C(O)c1cn(C2CC2)c2cc(N3CCNCC3)c(F)cc2c1=O
416,702,COc1ccc(-c2cc(-c3ccc(Nc4cc(=O)oc5ccccc45)cc3)nc(N)c2C#N)cc1
993,112,Cc1ccc2c(c1)C(=O)C(=O)N2CN1CCN(c2cc3c(cc2F)c(=O)c(C(=O)O)cn3C2CC2)CC1
398,214,CCn1cc(C(=O)NNC(N)=S)c(=O)c2ccc(C)nc21
