,0
AD2D660,0
AD2D661,0
AD2D662,0
AD2D663,0
AD2D666,0
AD2D675,0
AD2D676,0
AD2D681,0
AD2D644,0
AD2D647,0
AD2D648,0
AD2D649,0
AD2D651,0
AD2D652,0
AD2D653,0
AD2D657,0
AD2D631,0
AD2D636,0
AD2D637,0
AD2D638,0
AD2D639,0
AD2D641,0
AD2D642,0
AD2D643,0
AD2D598,0
AD2D603,0
AD2D604,0
AD2D625,0
AD2D626,0
AD2D627,0
AD2D628,0
AD2D630,0
ATSC1c,0
ATSC2c,0
ATSC3c,0
ATSC4c,0
ATSC5c,0
ATSC6c,0
ATSC7c,0
ATSC8c,0
AATS2s,0
AATS3s,0
AATS4s,0
AATS5s,0
AATS6s,0
AATS7s,0
AATS8s,0
ATSC0c,0
AATS3i,0
AATS4i,0
AATS5i,0
AATS6i,0
AATS7i,0
AATS8i,0
AATS0s,0
AATS1s,0
AATS6e,0
AATS7e,0
AATS8e,0
AATS0p,0
AATS4p,0
AATS0i,0
AATS1i,0
AATS2i,0
ATSC1p,0
ATSC5p,0
ATSC7p,0
ATSC8p,0
ATSC1i,0
ATSC2i,0
ATSC3i,0
ATSC4i,0
ATSC1e,0
ATSC2e,0
ATSC3e,0
ATSC4e,0
ATSC5e,0
ATSC6e,0
ATSC7e,0
ATSC8e,0
ATSC1v,0
ATSC2v,0
ATSC3v,0
ATSC4v,0
ATSC5v,0
ATSC6v,0
ATSC7v,0
ATSC8v,0
ATSC1m,0
ATSC2m,0
ATSC3m,0
ATSC4m,0
ATSC5m,0
ATSC6m,0
ATSC7m,0
ATSC8m,0
AATSC6v,0
AATSC7v,0
AATSC8v,0
AATSC5e,0
AATSC6e,0
AATSC7e,0
AATSC8e,0
AATSC0p,0
AATSC8c,0
AATSC1m,0
AATSC5m,0
AATSC6m,0
AATSC7m,0
AATSC8m,0
AATSC0v,0
AATSC5v,0
ATSC5s,0
ATSC7s,0
ATSC8s,0
AATSC0c,0
AATSC1c,0
AATSC4c,0
AATSC6c,0
AATSC7c,0
ATSC5i,0
ATSC6i,0
ATSC7i,0
ATSC8i,0
ATSC1s,0
ATSC2s,0
ATSC3s,0
ATSC4s,0
MATS5s,0
MATS6s,0
MATS7s,0
MATS8s,0
GATS1c,0
GATS2c,0
GATS3c,0
GATS4c,0
MATS6m,0
MATS7m,0
MATS8m,0
MATS2e,0
MATS1s,0
MATS2s,0
MATS3s,0
MATS4s,0
AATSC6s,0
AATSC7s,0
AATSC8s,0
MATS1c,0
MATS2m,0
MATS3m,0
MATS4m,0
MATS5m,0
AATSC5p,0
AATSC6p,0
AATSC7p,0
AATSC8p,0
AATSC6i,0
AATSC7i,0
AATSC8i,0
AATSC5s,0
GATS1p,0
GATS2p,0
GATS3p,0
GATS4p,0
GATS5p,0
GATS6p,0
GATS7p,0
GATS8p,0
GATS1e,0
GATS2e,0
GATS3e,0
GATS4e,0
GATS5e,0
GATS6e,0
GATS7e,0
GATS8e,0
GATS5m,0
GATS6m,0
GATS7m,0
GATS8m,0
GATS2v,0
GATS6v,0
GATS7v,0
GATS8v,0
GATS5c,0
GATS6c,0
GATS7c,0
GATS8c,0
GATS1m,0
GATS2m,0
GATS3m,0
GATS4m,0
VR1_Dzp,0
SM1_Dzs,0
VE1_Dzs,0
VE2_Dzs,0
VE3_Dzs,0
VR1_Dzs,0
nBase,0
BCUTw-1l,0
SM1_DzZ,0
VE1_DzZ,0
VE3_DzZ,0
VR1_DzZ,0
VR3_DzZ,0
SM1_Dzv,0
VE1_Dzv,0
VE2_Dzv,0
GATS1s,0
GATS2s,0
GATS3s,0
GATS4s,0
GATS5s,0
GATS6s,0
GATS7s,0
GATS8s,0
GATS1i,0
GATS2i,0
GATS3i,0
GATS4i,0
GATS5i,0
GATS6i,0
GATS7i,0
GATS8i,0
VC-4,0
VC-5,0
VC-6,0
VPC-4,0
ASP-0,0
ASP-1,0
ASP-2,0
ASP-3,0
SCH-5,0
SCH-6,0
VCH-5,0
SC-3,0
SC-4,0
SC-5,0
SC-6,0
VC-3,0
C1SP2,0
C2SP2,0
C3SP2,0
C1SP3,0
C2SP3,0
C3SP3,0
C4SP3,0
SCH-3,0
BCUTw-1h,0
BCUTc-1l,0
BCUTc-1h,0
BCUTp-1l,0
BCUTp-1h,0
nBondsD,0
nBondsT,0
C2SP1,0
ETA_EtaP_B,0
nHBAcc,0
nHBAcc_Lipinski,0
nHBDon,0
IC0,0
IC1,0
IC2,0
IC3,0
ETA_Shape_Y,0
ETA_Shape_X,0
ETA_BetaP,0
ETA_BetaP_s,0
ETA_Beta_ns_d,0
ETA_BetaP_ns_d,0
ETA_EtaP,0
ETA_Eta_B,0
ETA_dAlpha_B,0
ETA_Epsilon_3,0
ETA_Epsilon_5,0
ETA_dEpsilon_B,0
ETA_dEpsilon_D,0
ETA_Psi_1,0
ETA_dPsi_B,0
ETA_Shape_P,0
ASP-7,0
AVP-0,0
SpMax_Dt,0
VE1_Dt,0
VE2_Dt,0
ECCEN,0
ETA_AlphaP,0
ETA_dAlpha_A,0
MDEN-22,0
MDEN-23,0
MDEN-33,0
R_TpiPCTPC,0
PetitjeanNumber,0
nRotB,0
RotBFrac,0
RotBtFrac,0
MDEC-33,0
MDEC-44,0
MDEO-11,0
MDEO-12,0
MDEO-22,0
MDEN-11,0
MDEN-12,0
MDEN-13,0
nAtomP,0
nAtomLAC,0
MDEC-11,0
MDEC-12,0
MDEC-13,0
MDEC-22,0
MDEC-23,0
MDEC-24,0
SIC0,0
SIC1,0
SIC2,0
SIC3,0
MIC0,0
MIC1,0
ZMIC1,0
nAtomLC,0
FP11,0
FP12,0
FP13,0
FP14,0
FP15,0
FP16,0
FP17,0
FP18,0
FP3,0
FP4,0
FP5,0
FP6,0
FP7,0
FP8,0
FP9,0
FP10,0
JGI8,0
JGI9,0
JGI10,0
VR1_D,0
SRW5,0
XLogP,0
FP1,0
FP2,0
LipinskiFailures,0
JGI1,0
JGI2,0
JGI3,0
JGI4,0
JGI5,0
JGI6,0
JGI7,0
FP43,0
FP44,0
FP45,0
FP46,0
FP47,0
FP48,0
FP49,0
FP50,0
FP35,0
FP36,0
FP37,0
FP38,0
FP39,0
FP40,0
FP41,0
FP42,0
FP27,0
FP28,0
FP29,0
FP30,0
FP31,0
FP32,0
FP33,0
FP34,0
FP19,0
FP20,0
FP21,0
FP22,0
FP23,0
FP24,0
FP25,0
FP26,0
FP75,0
FP76,0
FP77,0
FP78,0
FP79,0
FP80,0
FP81,0
FP82,0
FP67,0
FP68,0
FP69,0
FP70,0
FP71,0
FP72,0
FP73,0
FP74,0
FP59,0
FP60,0
FP61,0
FP62,0
FP63,0
FP64,0
FP65,0
FP66,0
FP51,0
FP52,0
FP53,0
FP54,0
FP55,0
FP56,0
FP57,0
FP58,0
FP107,0
FP108,0
FP109,0
FP110,0
FP111,0
FP112,0
FP113,0
FP114,0
FP99,0
FP100,0
FP101,0
FP102,0
FP103,0
FP104,0
FP105,0
FP106,0
FP91,0
FP92,0
FP93,0
FP94,0
FP95,0
FP96,0
FP97,0
FP98,0
FP83,0
FP84,0
FP85,0
FP86,0
FP87,0
FP88,0
FP89,0
FP90,0
FP139,0
FP140,0
FP141,0
FP142,0
FP143,0
FP144,0
FP145,0
FP146,0
FP131,0
FP132,0
FP133,0
FP134,0
FP135,0
FP136,0
FP137,0
FP138,0
FP123,0
FP124,0
FP125,0
FP126,0
FP127,0
FP128,0
FP129,0
FP130,0
FP115,0
FP116,0
FP117,0
FP118,0
FP119,0
FP120,0
FP121,0
FP122,0
FP171,0
FP172,0
FP173,0
FP174,0
FP175,0
FP176,0
FP177,0
FP178,0
FP163,0
FP164,0
FP165,0
FP166,0
FP167,0
FP168,0
FP169,0
FP170,0
FP155,0
FP156,0
FP157,0
FP158,0
FP159,0
FP160,0
FP161,0
FP162,0
FP147,0
FP148,0
FP149,0
FP150,0
FP151,0
FP152,0
FP153,0
FP154,0
FP203,0
FP204,0
FP205,0
FP206,0
FP207,0
FP208,0
FP209,0
FP210,0
FP195,0
FP196,0
FP197,0
FP198,0
FP199,0
FP200,0
FP201,0
FP202,0
FP187,0
FP188,0
FP189,0
FP190,0
FP191,0
FP192,0
FP193,0
FP194,0
FP179,0
FP180,0
FP181,0
FP182,0
FP183,0
FP184,0
FP185,0
FP186,0
FP235,0
FP236,0
FP237,0
FP238,0
FP239,0
FP240,0
FP241,0
FP242,0
FP227,0
FP228,0
FP229,0
FP230,0
FP231,0
FP232,0
FP233,0
FP234,0
FP219,0
FP220,0
FP221,0
FP222,0
FP223,0
FP224,0
FP225,0
FP226,0
FP211,0
FP212,0
FP213,0
FP214,0
FP215,0
FP216,0
FP217,0
FP218,0
FP268,0
FP269,0
FP270,0
FP271,0
FP272,0
FP273,0
FP274,0
FP275,0
FP260,0
FP261,0
FP262,0
FP263,0
FP264,0
FP265,0
FP266,0
FP267,0
FP251,0
FP252,0
FP253,0
FP255,0
FP256,0
FP257,0
FP258,0
FP259,0
FP243,0
FP244,0
FP245,0
FP246,0
FP247,0
FP248,0
FP249,0
FP250,0
FP300,0
FP301,0
FP302,0
FP303,0
FP304,0
FP305,0
FP306,0
FP307,0
FP292,0
FP293,0
FP294,0
FP295,0
FP296,0
FP297,0
FP298,0
FP299,0
FP284,0
FP285,0
FP286,0
FP287,0
FP288,0
FP289,0
FP290,0
FP291,0
FP276,0
FP277,0
FP278,0
FP279,0
FP280,0
FP281,0
FP282,0
FP283,0
FP332,0
FP333,0
FP334,0
FP335,0
FP336,0
FP337,0
FP338,0
FP339,0
FP324,0
FP325,0
FP326,0
FP327,0
FP328,0
FP329,0
FP330,0
FP331,0
FP316,0
FP317,0
FP318,0
FP319,0
FP320,0
FP321,0
FP322,0
FP323,0
FP308,0
FP309,0
FP310,0
FP311,0
FP312,0
FP313,0
FP314,0
FP315,0
FP364,0
FP365,0
FP366,0
FP367,0
FP368,0
FP369,0
FP370,0
FP371,0
FP356,0
FP357,0
FP358,0
FP359,0
FP360,0
FP361,0
FP362,0
FP363,0
FP348,0
FP349,0
FP350,0
FP351,0
FP352,0
FP353,0
FP354,0
FP355,0
FP340,0
FP341,0
FP342,0
FP343,0
FP344,0
FP345,0
FP346,0
FP347,0
FP397,0
FP398,0
FP399,0
FP400,0
FP401,0
FP402,0
FP403,0
FP404,0
FP388,0
FP389,0
FP390,0
FP392,0
FP393,0
FP394,0
FP395,0
FP396,0
FP380,0
FP381,0
FP382,0
FP383,0
FP384,0
FP385,0
FP386,0
FP387,0
FP372,0
FP373,0
FP374,0
FP375,0
FP376,0
FP377,0
FP378,0
FP379,0
FP429,0
FP430,0
FP431,0
FP432,0
FP433,0
FP434,0
FP435,0
FP436,0
FP421,0
FP422,0
FP423,0
FP424,0
FP425,0
FP426,0
FP427,0
FP428,0
FP413,0
FP414,0
FP415,0
FP416,0
FP417,0
FP418,0
FP419,0
FP420,0
FP405,0
FP406,0
FP407,0
FP408,0
FP409,0
FP410,0
FP411,0
FP412,0
FP461,0
FP462,0
FP463,0
FP464,0
FP465,0
FP466,0
FP467,0
FP468,0
FP453,0
FP454,0
FP455,0
FP456,0
FP457,0
FP458,0
FP459,0
FP460,0
FP445,0
FP446,0
FP447,0
FP448,0
FP449,0
FP450,0
FP451,0
FP452,0
FP437,0
FP438,0
FP439,0
FP440,0
FP441,0
FP442,0
FP443,0
FP444,0
FP493,0
FP494,0
FP495,0
FP496,0
FP497,0
FP498,0
FP499,0
FP500,0
FP485,0
FP486,0
FP487,0
FP488,0
FP489,0
FP490,0
FP491,0
FP492,0
FP477,0
FP478,0
FP479,0
FP480,0
FP481,0
FP482,0
FP483,0
FP484,0
FP469,0
FP470,0
FP471,0
FP472,0
FP473,0
FP474,0
FP475,0
FP476,0
FP525,0
FP526,0
FP527,0
FP528,0
FP529,0
FP530,0
FP531,0
FP532,0
FP517,0
FP518,0
FP519,0
FP520,0
FP521,0
FP522,0
FP523,0
FP524,0
FP509,0
FP510,0
FP511,0
FP512,0
FP513,0
FP514,0
FP515,0
FP516,0
FP501,0
FP502,0
FP503,0
FP504,0
FP505,0
FP506,0
FP507,0
FP508,0
FP557,0
FP558,0
FP559,0
FP560,0
FP561,0
FP562,0
FP563,0
FP564,0
FP549,0
FP550,0
FP551,0
FP552,0
FP553,0
FP554,0
FP555,0
FP556,0
FP541,0
FP542,0
FP543,0
FP544,0
FP545,0
FP546,0
FP547,0
FP548,0
FP533,0
FP534,0
FP535,0
FP536,0
FP537,0
FP538,0
FP539,0
FP540,0
FP590,0
FP591,0
FP592,0
FP593,0
FP594,0
FP595,0
FP596,0
FP597,0
FP582,0
FP583,0
FP584,0
FP585,0
FP586,0
FP587,0
FP588,0
FP589,0
FP573,0
FP574,0
FP576,0
FP577,0
FP578,0
FP579,0
FP580,0
FP581,0
FP565,0
FP566,0
FP567,0
FP568,0
FP569,0
FP570,0
FP571,0
FP572,0
FP622,0
FP623,0
FP624,0
FP625,0
FP626,0
FP627,0
FP628,0
FP629,0
FP614,0
FP615,0
FP616,0
FP617,0
FP618,0
FP619,0
FP620,0
FP621,0
FP606,0
FP607,0
FP608,0
FP609,0
FP610,0
FP611,0
FP612,0
FP613,0
FP598,0
FP599,0
FP600,0
FP601,0
FP602,0
FP603,0
FP604,0
FP605,0
FP654,0
FP655,0
FP656,0
FP657,0
FP658,0
FP659,0
FP660,0
FP661,0
FP646,0
FP647,0
FP648,0
FP649,0
FP650,0
FP651,0
FP652,0
FP653,0
FP638,0
FP639,0
FP640,0
FP641,0
FP642,0
FP643,0
FP644,0
FP645,0
FP630,0
FP631,0
FP632,0
FP633,0
FP634,0
FP635,0
FP636,0
FP637,0
FP686,0
FP687,0
FP688,0
FP689,0
FP690,0
FP691,0
FP692,0
FP693,0
FP678,0
FP679,0
FP680,0
FP681,0
FP682,0
FP683,0
FP684,0
FP685,0
FP670,0
FP671,0
FP672,0
FP673,0
FP674,0
FP675,0
FP676,0
FP677,0
FP662,0
FP663,0
FP664,0
FP665,0
FP666,0
FP667,0
FP668,0
FP669,0
FP718,0
FP719,0
FP720,0
FP721,0
FP722,0
FP723,0
FP724,0
FP725,0
FP710,0
FP711,0
FP712,0
FP713,0
FP714,0
FP715,0
FP716,0
FP717,0
FP702,0
FP703,0
FP704,0
FP705,0
FP706,0
FP707,0
FP708,0
FP709,0
FP694,0
FP695,0
FP696,0
FP697,0
FP698,0
FP699,0
FP700,0
FP701,0
FP752,0
FP753,0
FP754,0
FP755,0
FP756,0
FP757,0
FP758,0
FP759,0
FP744,0
FP745,0
FP746,0
FP747,0
FP748,0
FP749,0
FP750,0
FP751,0
FP734,0
FP735,0
FP736,0
FP737,0
FP738,0
FP739,0
FP740,0
FP741,0
FP726,0
FP727,0
FP728,0
FP729,0
FP730,0
FP731,0
FP732,0
FP733,0
FP784,0
FP785,0
FP786,0
FP787,0
FP788,0
FP789,0
FP790,0
FP791,0
FP776,0
FP777,0
FP778,0
FP779,0
FP780,0
FP781,0
FP782,0
FP783,0
FP768,0
FP769,0
FP770,0
FP771,0
FP772,0
FP773,0
FP774,0
FP775,0
FP760,0
FP761,0
FP762,0
FP763,0
FP764,0
FP765,0
FP766,0
FP767,0
FP816,0
FP817,0
FP818,0
FP819,0
FP820,0
FP821,0
FP822,0
FP823,0
FP808,0
FP809,0
FP810,0
FP811,0
FP812,0
FP813,0
FP814,0
FP815,0
FP800,0
FP801,0
FP802,0
FP803,0
FP804,0
FP805,0
FP806,0
FP807,0
FP792,0
FP793,0
FP794,0
FP795,0
FP796,0
FP797,0
FP798,0
FP799,0
FP848,0
FP849,0
FP850,0
FP851,0
FP852,0
FP853,0
FP854,0
FP855,0
FP840,0
FP841,0
FP842,0
FP843,0
FP844,0
FP845,0
FP846,0
FP847,0
FP832,0
FP833,0
FP834,0
FP835,0
FP836,0
FP837,0
FP838,0
FP839,0
FP824,0
FP825,0
FP826,0
FP827,0
FP828,0
FP829,0
FP830,0
FP831,0
FP880,0
FP881,0
FP882,0
FP883,0
FP884,0
FP885,0
FP886,0
FP887,0
FP872,0
FP873,0
FP874,0
FP875,0
FP876,0
FP877,0
FP878,0
FP879,0
FP864,0
FP865,0
FP866,0
FP867,0
FP868,0
FP869,0
FP870,0
FP871,0
FP856,0
FP857,0
FP858,0
FP859,0
FP860,0
FP861,0
FP862,0
FP863,0
FP912,0
FP913,0
FP914,0
FP915,0
FP916,0
FP917,0
FP918,0
FP919,0
FP904,0
FP905,0
FP906,0
FP907,0
FP908,0
FP909,0
FP910,0
FP911,0
FP896,0
FP897,0
FP898,0
FP899,0
FP900,0
FP901,0
FP902,0
FP903,0
FP888,0
FP889,0
FP890,0
FP891,0
FP892,0
FP893,0
FP894,0
FP895,0
FP944,0
FP945,0
FP946,0
FP947,0
FP948,0
FP949,0
FP950,0
FP951,0
FP936,0
FP937,0
FP938,0
FP939,0
FP940,0
FP941,0
FP942,0
FP943,0
FP928,0
FP929,0
FP930,0
FP931,0
FP932,0
FP933,0
FP934,0
FP935,0
FP920,0
FP921,0
FP922,0
FP923,0
FP924,0
FP925,0
FP926,0
FP927,0
FP977,0
FP978,0
FP979,0
FP980,0
FP981,0
FP982,0
FP983,0
FP984,0
FP968,0
FP969,0
FP970,0
FP971,0
FP973,0
FP974,0
FP975,0
FP976,0
FP960,0
FP961,0
FP962,0
FP963,0
FP964,0
FP965,0
FP966,0
FP967,0
FP952,0
FP953,0
FP954,0
FP955,0
FP956,0
FP957,0
FP958,0
FP959,0
FP1009,0
FP1010,0
FP1011,0
FP1012,0
FP1013,0
FP1014,0
FP1015,0
FP1016,0
FP1001,0
FP1002,0
FP1003,0
FP1004,0
FP1005,0
FP1006,0
FP1007,0
FP1008,0
FP993,0
FP994,0
FP995,0
FP996,0
FP997,0
FP998,0
FP999,0
FP1000,0
FP985,0
FP986,0
FP987,0
FP988,0
FP989,0
FP990,0
FP991,0
FP992,0
ExtFP17,0
ExtFP18,0
ExtFP19,0
ExtFP20,0
ExtFP21,0
ExtFP22,0
ExtFP23,0
ExtFP24,0
ExtFP9,0
ExtFP10,0
ExtFP11,0
ExtFP12,0
ExtFP13,0
ExtFP14,0
ExtFP15,0
ExtFP16,0
ExtFP1,0
ExtFP2,0
ExtFP3,0
ExtFP4,0
ExtFP5,0
ExtFP6,0
ExtFP7,0
ExtFP8,0
FP1017,0
FP1018,0
FP1019,0
FP1020,0
FP1021,0
FP1022,0
FP1023,0
FP1024,0
ExtFP49,0
ExtFP50,0
ExtFP51,0
ExtFP52,0
ExtFP53,0
ExtFP55,0
ExtFP56,0
ExtFP57,0
ExtFP41,0
ExtFP42,0
ExtFP43,0
ExtFP44,0
ExtFP45,0
ExtFP46,0
ExtFP47,0
ExtFP48,0
ExtFP33,0
ExtFP34,0
ExtFP35,0
ExtFP36,0
ExtFP37,0
ExtFP38,0
ExtFP39,0
ExtFP40,0
ExtFP25,0
ExtFP26,0
ExtFP27,0
ExtFP28,0
ExtFP29,0
ExtFP30,0
ExtFP31,0
ExtFP32,0
ExtFP82,0
ExtFP83,0
ExtFP84,0
ExtFP85,0
ExtFP86,0
ExtFP87,0
ExtFP88,0
ExtFP89,0
ExtFP74,0
ExtFP75,0
ExtFP76,0
ExtFP77,0
ExtFP78,0
ExtFP79,0
ExtFP80,0
ExtFP81,0
ExtFP66,0
ExtFP67,0
ExtFP68,0
ExtFP69,0
ExtFP70,0
ExtFP71,0
ExtFP72,0
ExtFP73,0
ExtFP58,0
ExtFP59,0
ExtFP60,0
ExtFP61,0
ExtFP62,0
ExtFP63,0
ExtFP64,0
ExtFP65,0
ExtFP114,0
ExtFP115,0
ExtFP116,0
ExtFP117,0
ExtFP118,0
ExtFP119,0
ExtFP120,0
ExtFP121,0
ExtFP106,0
ExtFP107,0
ExtFP108,0
ExtFP109,0
ExtFP110,0
ExtFP111,0
ExtFP112,0
ExtFP113,0
ExtFP98,0
ExtFP99,0
ExtFP100,0
ExtFP101,0
ExtFP102,0
ExtFP103,0
ExtFP104,0
ExtFP105,0
ExtFP90,0
ExtFP91,0
ExtFP92,0
ExtFP93,0
ExtFP94,0
ExtFP95,0
ExtFP96,0
ExtFP97,0
ExtFP146,0
ExtFP147,0
ExtFP148,0
ExtFP149,0
ExtFP150,0
ExtFP151,0
ExtFP152,0
ExtFP153,0
ExtFP138,0
ExtFP139,0
ExtFP140,0
ExtFP141,0
ExtFP142,0
ExtFP143,0
ExtFP144,0
ExtFP145,0
ExtFP130,0
ExtFP131,0
ExtFP132,0
ExtFP133,0
ExtFP134,0
ExtFP135,0
ExtFP136,0
ExtFP137,0
ExtFP122,0
ExtFP123,0
ExtFP124,0
ExtFP125,0
ExtFP126,0
ExtFP127,0
ExtFP128,0
ExtFP129,0
ExtFP178,0
ExtFP179,0
ExtFP180,0
ExtFP181,0
ExtFP182,0
ExtFP183,0
ExtFP184,0
ExtFP185,0
ExtFP170,0
ExtFP171,0
ExtFP172,0
ExtFP173,0
ExtFP174,0
ExtFP175,0
ExtFP176,0
ExtFP177,0
ExtFP162,0
ExtFP163,0
ExtFP164,0
ExtFP165,0
ExtFP166,0
ExtFP167,0
ExtFP168,0
ExtFP169,0
ExtFP154,0
ExtFP155,0
ExtFP156,0
ExtFP157,0
ExtFP158,0
ExtFP159,0
ExtFP160,0
ExtFP161,0
ExtFP211,0
ExtFP212,0
ExtFP213,0
ExtFP214,0
ExtFP215,0
ExtFP216,0
ExtFP217,0
ExtFP218,0
ExtFP203,0
ExtFP204,0
ExtFP205,0
ExtFP206,0
ExtFP207,0
ExtFP208,0
ExtFP209,0
ExtFP210,0
ExtFP195,0
ExtFP196,0
ExtFP197,0
ExtFP198,0
ExtFP199,0
ExtFP200,0
ExtFP201,0
ExtFP202,0
ExtFP186,0
ExtFP187,0
ExtFP189,0
ExtFP190,0
ExtFP191,0
ExtFP192,0
ExtFP193,0
ExtFP194,0
ExtFP243,0
ExtFP244,0
ExtFP245,0
ExtFP246,0
ExtFP247,0
ExtFP248,0
ExtFP249,0
ExtFP250,0
ExtFP235,0
ExtFP236,0
ExtFP237,0
ExtFP238,0
ExtFP239,0
ExtFP240,0
ExtFP241,0
ExtFP242,0
ExtFP227,0
ExtFP228,0
ExtFP229,0
ExtFP230,0
ExtFP231,0
ExtFP232,0
ExtFP233,0
ExtFP234,0
ExtFP219,0
ExtFP220,0
ExtFP221,0
ExtFP222,0
ExtFP223,0
ExtFP224,0
ExtFP225,0
ExtFP226,0
ExtFP275,0
ExtFP276,0
ExtFP277,0
ExtFP278,0
ExtFP279,0
ExtFP280,0
ExtFP281,0
ExtFP282,0
ExtFP267,0
ExtFP268,0
ExtFP269,0
ExtFP270,0
ExtFP271,0
ExtFP272,0
ExtFP273,0
ExtFP274,0
ExtFP259,0
ExtFP260,0
ExtFP261,0
ExtFP262,0
ExtFP263,0
ExtFP264,0
ExtFP265,0
ExtFP266,0
ExtFP251,0
ExtFP252,0
ExtFP253,0
ExtFP254,0
ExtFP255,0
ExtFP256,0
ExtFP257,0
ExtFP258,0
ExtFP308,0
ExtFP309,0
ExtFP310,0
ExtFP311,0
ExtFP312,0
ExtFP313,0
ExtFP314,0
ExtFP315,0
ExtFP300,0
ExtFP301,0
ExtFP302,0
ExtFP303,0
ExtFP304,0
ExtFP305,0
ExtFP306,0
ExtFP307,0
ExtFP291,0
ExtFP292,0
ExtFP294,0
ExtFP295,0
ExtFP296,0
ExtFP297,0
ExtFP298,0
ExtFP299,0
ExtFP283,0
ExtFP284,0
ExtFP285,0
ExtFP286,0
ExtFP287,0
ExtFP288,0
ExtFP289,0
ExtFP290,0
ExtFP340,0
ExtFP341,0
ExtFP342,0
ExtFP343,0
ExtFP344,0
ExtFP345,0
ExtFP346,0
ExtFP347,0
ExtFP332,0
ExtFP333,0
ExtFP334,0
ExtFP335,0
ExtFP336,0
ExtFP337,0
ExtFP338,0
ExtFP339,0
ExtFP324,0
ExtFP325,0
ExtFP326,0
ExtFP327,0
ExtFP328,0
ExtFP329,0
ExtFP330,0
ExtFP331,0
ExtFP316,0
ExtFP317,0
ExtFP318,0
ExtFP319,0
ExtFP320,0
ExtFP321,0
ExtFP322,0
ExtFP323,0
ExtFP372,0
ExtFP373,0
ExtFP374,0
ExtFP375,0
ExtFP376,0
ExtFP377,0
ExtFP378,0
ExtFP379,0
ExtFP364,0
ExtFP365,0
ExtFP366,0
ExtFP367,0
ExtFP368,0
ExtFP369,0
ExtFP370,0
ExtFP371,0
ExtFP356,0
ExtFP357,0
ExtFP358,0
ExtFP359,0
ExtFP360,0
ExtFP361,0
ExtFP362,0
ExtFP363,0
ExtFP348,0
ExtFP349,0
ExtFP350,0
ExtFP351,0
ExtFP352,0
ExtFP353,0
ExtFP354,0
ExtFP355,0
ExtFP404,0
ExtFP405,0
ExtFP406,0
ExtFP407,0
ExtFP408,0
ExtFP409,0
ExtFP410,0
ExtFP411,0
ExtFP396,0
ExtFP397,0
ExtFP398,0
ExtFP399,0
ExtFP400,0
ExtFP401,0
ExtFP402,0
ExtFP403,0
ExtFP388,0
ExtFP389,0
ExtFP390,0
ExtFP391,0
ExtFP392,0
ExtFP393,0
ExtFP394,0
ExtFP395,0
ExtFP380,0
ExtFP381,0
ExtFP382,0
ExtFP383,0
ExtFP384,0
ExtFP385,0
ExtFP386,0
ExtFP387,0
ExtFP436,0
ExtFP437,0
ExtFP438,0
ExtFP439,0
ExtFP440,0
ExtFP441,0
ExtFP442,0
ExtFP443,0
ExtFP428,0
ExtFP429,0
ExtFP430,0
ExtFP431,0
ExtFP432,0
ExtFP433,0
ExtFP434,0
ExtFP435,0
ExtFP420,0
ExtFP421,0
ExtFP422,0
ExtFP423,0
ExtFP424,0
ExtFP425,0
ExtFP426,0
ExtFP427,0
ExtFP412,0
ExtFP413,0
ExtFP414,0
ExtFP415,0
ExtFP416,0
ExtFP417,0
ExtFP418,0
ExtFP419,0
ExtFP468,0
ExtFP469,0
ExtFP470,0
ExtFP471,0
ExtFP472,0
ExtFP473,0
ExtFP474,0
ExtFP475,0
ExtFP460,0
ExtFP461,0
ExtFP462,0
ExtFP463,0
ExtFP464,0
ExtFP465,0
ExtFP466,0
ExtFP467,0
ExtFP452,0
ExtFP453,0
ExtFP454,0
ExtFP455,0
ExtFP456,0
ExtFP457,0
ExtFP458,0
ExtFP459,0
ExtFP444,0
ExtFP445,0
ExtFP446,0
ExtFP447,0
ExtFP448,0
ExtFP449,0
ExtFP450,0
ExtFP451,0
ExtFP500,0
ExtFP501,0
ExtFP502,0
ExtFP503,0
ExtFP504,0
ExtFP505,0
ExtFP506,0
ExtFP507,0
ExtFP492,0
ExtFP493,0
ExtFP494,0
ExtFP495,0
ExtFP496,0
ExtFP497,0
ExtFP498,0
ExtFP499,0
ExtFP484,0
ExtFP485,0
ExtFP486,0
ExtFP487,0
ExtFP488,0
ExtFP489,0
ExtFP490,0
ExtFP491,0
ExtFP476,0
ExtFP477,0
ExtFP478,0
ExtFP479,0
ExtFP480,0
ExtFP481,0
ExtFP482,0
ExtFP483,0
ExtFP532,0
ExtFP533,0
ExtFP534,0
ExtFP535,0
ExtFP536,0
ExtFP537,0
ExtFP538,0
ExtFP539,0
ExtFP524,0
ExtFP525,0
ExtFP526,0
ExtFP527,0
ExtFP528,0
ExtFP529,0
ExtFP530,0
ExtFP531,0
ExtFP516,0
ExtFP517,0
ExtFP518,0
ExtFP519,0
ExtFP520,0
ExtFP521,0
ExtFP522,0
ExtFP523,0
ExtFP508,0
ExtFP509,0
ExtFP510,0
ExtFP511,0
ExtFP512,0
ExtFP513,0
ExtFP514,0
ExtFP515,0
ExtFP566,0
ExtFP567,0
ExtFP568,0
ExtFP569,0
ExtFP570,0
ExtFP571,0
ExtFP572,0
ExtFP573,0
ExtFP557,0
ExtFP558,0
ExtFP559,0
ExtFP560,0
ExtFP561,0
ExtFP562,0
ExtFP564,0
ExtFP565,0
ExtFP549,0
ExtFP550,0
ExtFP551,0
ExtFP552,0
ExtFP553,0
ExtFP554,0
ExtFP555,0
ExtFP556,0
ExtFP540,0
ExtFP541,0
ExtFP543,0
ExtFP544,0
ExtFP545,0
ExtFP546,0
ExtFP547,0
ExtFP548,0
ExtFP598,0
ExtFP599,0
ExtFP600,0
ExtFP601,0
ExtFP602,0
ExtFP603,0
ExtFP604,0
ExtFP605,0
ExtFP590,0
ExtFP591,0
ExtFP592,0
ExtFP593,0
ExtFP594,0
ExtFP595,0
ExtFP596,0
ExtFP597,0
ExtFP582,0
ExtFP583,0
ExtFP584,0
ExtFP585,0
ExtFP586,0
ExtFP587,0
ExtFP588,0
ExtFP589,0
ExtFP574,0
ExtFP575,0
ExtFP576,0
ExtFP577,0
ExtFP578,0
ExtFP579,0
ExtFP580,0
ExtFP581,0
ExtFP630,0
ExtFP631,0
ExtFP632,0
ExtFP633,0
ExtFP634,0
ExtFP635,0
ExtFP636,0
ExtFP637,0
ExtFP622,0
ExtFP623,0
ExtFP624,0
ExtFP625,0
ExtFP626,0
ExtFP627,0
ExtFP628,0
ExtFP629,0
ExtFP614,0
ExtFP615,0
ExtFP616,0
ExtFP617,0
ExtFP618,0
ExtFP619,0
ExtFP620,0
ExtFP621,0
ExtFP606,0
ExtFP607,0
ExtFP608,0
ExtFP609,0
ExtFP610,0
ExtFP611,0
ExtFP612,0
ExtFP613,0
ExtFP662,0
ExtFP663,0
ExtFP664,0
ExtFP665,0
ExtFP666,0
ExtFP667,0
ExtFP668,0
ExtFP669,0
ExtFP654,0
ExtFP655,0
ExtFP656,0
ExtFP657,0
ExtFP658,0
ExtFP659,0
ExtFP660,0
ExtFP661,0
ExtFP646,0
ExtFP647,0
ExtFP648,0
ExtFP649,0
ExtFP650,0
ExtFP651,0
ExtFP652,0
ExtFP653,0
ExtFP638,0
ExtFP639,0
ExtFP640,0
ExtFP641,0
ExtFP642,0
ExtFP643,0
ExtFP644,0
ExtFP645,0
ExtFP694,0
ExtFP695,0
ExtFP696,0
ExtFP697,0
ExtFP698,0
ExtFP699,0
ExtFP700,0
ExtFP701,0
ExtFP686,0
ExtFP687,0
ExtFP688,0
ExtFP689,0
ExtFP690,0
ExtFP691,0
ExtFP692,0
ExtFP693,0
ExtFP678,0
ExtFP679,0
ExtFP680,0
ExtFP681,0
ExtFP682,0
ExtFP683,0
ExtFP684,0
ExtFP685,0
ExtFP670,0
ExtFP671,0
ExtFP672,0
ExtFP673,0
ExtFP674,0
ExtFP675,0
ExtFP676,0
ExtFP677,0
ExtFP727,0
ExtFP728,0
ExtFP730,0
ExtFP731,0
ExtFP732,0
ExtFP733,0
ExtFP734,0
ExtFP735,0
ExtFP719,0
ExtFP720,0
ExtFP721,0
ExtFP722,0
ExtFP723,0
ExtFP724,0
ExtFP725,0
ExtFP726,0
ExtFP711,0
ExtFP712,0
ExtFP713,0
ExtFP714,0
ExtFP715,0
ExtFP716,0
ExtFP717,0
ExtFP718,0
ExtFP702,0
ExtFP704,0
ExtFP705,0
ExtFP706,0
ExtFP707,0
ExtFP708,0
ExtFP709,0
ExtFP710,0
ExtFP760,0
ExtFP761,0
ExtFP762,0
ExtFP763,0
ExtFP764,0
ExtFP765,0
ExtFP766,0
ExtFP767,0
ExtFP752,0
ExtFP753,0
ExtFP754,0
ExtFP755,0
ExtFP756,0
ExtFP757,0
ExtFP758,0
ExtFP759,0
ExtFP744,0
ExtFP745,0
ExtFP746,0
ExtFP747,0
ExtFP748,0
ExtFP749,0
ExtFP750,0
ExtFP751,0
ExtFP736,0
ExtFP737,0
ExtFP738,0
ExtFP739,0
ExtFP740,0
ExtFP741,0
ExtFP742,0
ExtFP743,0
ExtFP792,0
ExtFP793,0
ExtFP794,0
ExtFP795,0
ExtFP796,0
ExtFP797,0
ExtFP798,0
ExtFP799,0
ExtFP784,0
ExtFP785,0
ExtFP786,0
ExtFP787,0
ExtFP788,0
ExtFP789,0
ExtFP790,0
ExtFP791,0
ExtFP776,0
ExtFP777,0
ExtFP778,0
ExtFP779,0
ExtFP780,0
ExtFP781,0
ExtFP782,0
ExtFP783,0
ExtFP768,0
ExtFP769,0
ExtFP770,0
ExtFP771,0
ExtFP772,0
ExtFP773,0
ExtFP774,0
ExtFP775,0
ExtFP824,0
ExtFP825,0
ExtFP826,0
ExtFP827,0
ExtFP828,0
ExtFP829,0
ExtFP830,0
ExtFP831,0
ExtFP816,0
ExtFP817,0
ExtFP818,0
ExtFP819,0
ExtFP820,0
ExtFP821,0
ExtFP822,0
ExtFP823,0
ExtFP808,0
ExtFP809,0
ExtFP810,0
ExtFP811,0
ExtFP812,0
ExtFP813,0
ExtFP814,0
ExtFP815,0
ExtFP800,0
ExtFP801,0
ExtFP802,0
ExtFP803,0
ExtFP804,0
ExtFP805,0
ExtFP806,0
ExtFP807,0
ExtFP857,0
ExtFP858,0
ExtFP859,0
ExtFP860,0
ExtFP861,0
ExtFP862,0
ExtFP863,0
ExtFP864,0
ExtFP849,0
ExtFP850,0
ExtFP851,0
ExtFP852,0
ExtFP853,0
ExtFP854,0
ExtFP855,0
ExtFP856,0
ExtFP840,0
ExtFP841,0
ExtFP842,0
ExtFP843,0
ExtFP844,0
ExtFP845,0
ExtFP846,0
ExtFP848,0
ExtFP832,0
ExtFP833,0
ExtFP834,0
ExtFP835,0
ExtFP836,0
ExtFP837,0
ExtFP838,0
ExtFP839,0
ExtFP889,0
ExtFP890,0
ExtFP891,0
ExtFP892,0
ExtFP893,0
ExtFP894,0
ExtFP895,0
ExtFP896,0
ExtFP881,0
ExtFP882,0
ExtFP883,0
ExtFP884,0
ExtFP885,0
ExtFP886,0
ExtFP887,0
ExtFP888,0
ExtFP873,0
ExtFP874,0
ExtFP875,0
ExtFP876,0
ExtFP877,0
ExtFP878,0
ExtFP879,0
ExtFP880,0
ExtFP865,0
ExtFP866,0
ExtFP867,0
ExtFP868,0
ExtFP869,0
ExtFP870,0
ExtFP871,0
ExtFP872,0
ExtFP922,0
ExtFP923,0
ExtFP924,0
ExtFP925,0
ExtFP926,0
ExtFP927,0
ExtFP928,0
ExtFP929,0
ExtFP914,0
ExtFP915,0
ExtFP916,0
ExtFP917,0
ExtFP918,0
ExtFP919,0
ExtFP920,0
ExtFP921,0
ExtFP905,0
ExtFP906,0
ExtFP908,0
ExtFP909,0
ExtFP910,0
ExtFP911,0
ExtFP912,0
ExtFP913,0
ExtFP897,0
ExtFP898,0
ExtFP899,0
ExtFP900,0
ExtFP901,0
ExtFP902,0
ExtFP903,0
ExtFP904,0
ExtFP955,0
ExtFP956,0
ExtFP957,0
ExtFP958,0
ExtFP959,0
ExtFP960,0
ExtFP961,0
ExtFP962,0
ExtFP946,0
ExtFP947,0
ExtFP948,0
ExtFP949,0
ExtFP951,0
ExtFP952,0
ExtFP953,0
ExtFP954,0
ExtFP938,0
ExtFP939,0
ExtFP940,0
ExtFP941,0
ExtFP942,0
ExtFP943,0
ExtFP944,0
ExtFP945,0
ExtFP930,0
ExtFP931,0
ExtFP932,0
ExtFP933,0
ExtFP934,0
ExtFP935,0
ExtFP936,0
ExtFP937,0
ExtFP987,0
ExtFP988,0
ExtFP989,0
ExtFP990,0
ExtFP991,0
ExtFP992,0
ExtFP993,0
ExtFP994,0
ExtFP979,0
ExtFP980,0
ExtFP981,0
ExtFP982,0
ExtFP983,0
ExtFP984,0
ExtFP985,0
ExtFP986,0
ExtFP971,0
ExtFP972,0
ExtFP973,0
ExtFP974,0
ExtFP975,0
ExtFP976,0
ExtFP977,0
ExtFP978,0
ExtFP963,0
ExtFP964,0
ExtFP965,0
ExtFP966,0
ExtFP967,0
ExtFP968,0
ExtFP969,0
ExtFP970,0
GraphFP15,0
GraphFP16,0
GraphFP17,0
GraphFP18,0
GraphFP19,0
GraphFP20,0
GraphFP21,0
GraphFP22,0
GraphFP7,0
GraphFP8,0
GraphFP9,0
GraphFP10,0
GraphFP11,0
GraphFP12,0
GraphFP13,0
GraphFP14,0
ExtFP1015,0
ExtFP1016,0
ExtFP1017,0
GraphFP1,0
GraphFP3,0
GraphFP4,0
GraphFP5,0
GraphFP6,0
ExtFP995,0
ExtFP996,0
ExtFP997,0
ExtFP998,0
ExtFP999,0
ExtFP1011,0
ExtFP1012,0
ExtFP1013,0
GraphFP49,0
GraphFP50,0
GraphFP51,0
GraphFP52,0
GraphFP53,0
GraphFP54,0
GraphFP55,0
GraphFP56,0
GraphFP41,0
GraphFP42,0
GraphFP43,0
GraphFP44,0
GraphFP45,0
GraphFP46,0
GraphFP47,0
GraphFP48,0
GraphFP33,0
GraphFP34,0
GraphFP35,0
GraphFP36,0
GraphFP37,0
GraphFP38,0
GraphFP39,0
GraphFP40,0
GraphFP23,0
GraphFP24,0
GraphFP25,0
GraphFP27,0
GraphFP28,0
GraphFP29,0
GraphFP30,0
GraphFP31,0
GraphFP83,0
GraphFP84,0
GraphFP85,0
GraphFP86,0
GraphFP87,0
GraphFP88,0
GraphFP89,0
GraphFP90,0
GraphFP74,0
GraphFP75,0
GraphFP77,0
GraphFP78,0
GraphFP79,0
GraphFP80,0
GraphFP81,0
GraphFP82,0
GraphFP65,0
GraphFP66,0
GraphFP68,0
GraphFP69,0
GraphFP70,0
GraphFP71,0
GraphFP72,0
GraphFP73,0
GraphFP57,0
GraphFP58,0
GraphFP59,0
GraphFP60,0
GraphFP61,0
GraphFP62,0
GraphFP63,0
GraphFP64,0
GraphFP116,0
GraphFP117,0
GraphFP118,0
GraphFP119,0
GraphFP120,0
GraphFP121,0
GraphFP122,0
GraphFP123,0
GraphFP108,0
GraphFP109,0
GraphFP110,0
GraphFP111,0
GraphFP112,0
GraphFP113,0
GraphFP114,0
GraphFP115,0
GraphFP100,0
GraphFP101,0
GraphFP102,0
GraphFP103,0
GraphFP104,0
GraphFP105,0
GraphFP106,0
GraphFP107,0
GraphFP91,0
GraphFP92,0
GraphFP93,0
GraphFP94,0
GraphFP95,0
GraphFP96,0
GraphFP97,0
GraphFP99,0
GraphFP149,0
GraphFP150,0
GraphFP152,0
GraphFP153,0
GraphFP154,0
GraphFP155,0
GraphFP156,0
GraphFP157,0
GraphFP141,0
GraphFP142,0
GraphFP143,0
GraphFP144,0
GraphFP145,0
GraphFP146,0
GraphFP147,0
GraphFP148,0
GraphFP133,0
GraphFP134,0
GraphFP135,0
GraphFP136,0
GraphFP137,0
GraphFP138,0
GraphFP139,0
GraphFP140,0
GraphFP124,0
GraphFP125,0
GraphFP126,0
GraphFP127,0
GraphFP128,0
GraphFP129,0
GraphFP130,0
GraphFP131,0
GraphFP183,0
GraphFP184,0
GraphFP186,0
GraphFP187,0
GraphFP188,0
GraphFP189,0
GraphFP190,0
GraphFP191,0
GraphFP175,0
GraphFP176,0
GraphFP177,0
GraphFP178,0
GraphFP179,0
GraphFP180,0
GraphFP181,0
GraphFP182,0
GraphFP167,0
GraphFP168,0
GraphFP169,0
GraphFP170,0
GraphFP171,0
GraphFP172,0
GraphFP173,0
GraphFP174,0
GraphFP158,0
GraphFP159,0
GraphFP160,0
GraphFP162,0
GraphFP163,0
GraphFP164,0
GraphFP165,0
GraphFP166,0
GraphFP218,0
GraphFP219,0
GraphFP220,0
GraphFP221,0
GraphFP222,0
GraphFP223,0
GraphFP224,0
GraphFP225,0
GraphFP209,0
GraphFP211,0
GraphFP212,0
GraphFP213,0
GraphFP214,0
GraphFP215,0
GraphFP216,0
GraphFP217,0
GraphFP201,0
GraphFP202,0
GraphFP203,0
GraphFP204,0
GraphFP205,0
GraphFP206,0
GraphFP207,0
GraphFP208,0
GraphFP193,0
GraphFP194,0
GraphFP195,0
GraphFP196,0
GraphFP197,0
GraphFP198,0
GraphFP199,0
GraphFP200,0
GraphFP255,0
GraphFP256,0
GraphFP258,0
GraphFP259,0
GraphFP260,0
GraphFP261,0
GraphFP262,0
GraphFP263,0
GraphFP245,0
GraphFP246,0
GraphFP248,0
GraphFP250,0
GraphFP251,0
GraphFP252,0
GraphFP253,0
GraphFP254,0
GraphFP236,0
GraphFP237,0
GraphFP238,0
GraphFP240,0
GraphFP241,0
GraphFP242,0
GraphFP243,0
GraphFP244,0
GraphFP226,0
GraphFP227,0
GraphFP228,0
GraphFP229,0
GraphFP230,0
GraphFP232,0
GraphFP234,0
GraphFP235,0
GraphFP289,0
GraphFP290,0
GraphFP291,0
GraphFP292,0
GraphFP293,0
GraphFP295,0
GraphFP296,0
GraphFP297,0
GraphFP280,0
GraphFP281,0
GraphFP283,0
GraphFP284,0
GraphFP285,0
GraphFP286,0
GraphFP287,0
GraphFP288,0
GraphFP272,0
GraphFP273,0
GraphFP274,0
GraphFP275,0
GraphFP276,0
GraphFP277,0
GraphFP278,0
GraphFP279,0
GraphFP264,0
GraphFP265,0
GraphFP266,0
GraphFP267,0
GraphFP268,0
GraphFP269,0
GraphFP270,0
GraphFP271,0
GraphFP324,0
GraphFP325,0
GraphFP326,0
GraphFP327,0
GraphFP328,0
GraphFP329,0
GraphFP330,0
GraphFP331,0
GraphFP315,0
GraphFP316,0
GraphFP317,0
GraphFP318,0
GraphFP319,0
GraphFP320,0
GraphFP322,0
GraphFP323,0
GraphFP307,0
GraphFP308,0
GraphFP309,0
GraphFP310,0
GraphFP311,0
GraphFP312,0
GraphFP313,0
GraphFP314,0
GraphFP298,0
GraphFP299,0
GraphFP300,0
GraphFP301,0
GraphFP302,0
GraphFP303,0
GraphFP305,0
GraphFP306,0
GraphFP358,0
GraphFP359,0
GraphFP360,0
GraphFP361,0
GraphFP362,0
GraphFP363,0
GraphFP364,0
GraphFP365,0
GraphFP349,0
GraphFP351,0
GraphFP352,0
GraphFP353,0
GraphFP354,0
GraphFP355,0
GraphFP356,0
GraphFP357,0
GraphFP340,0
GraphFP341,0
GraphFP342,0
GraphFP343,0
GraphFP344,0
GraphFP345,0
GraphFP346,0
GraphFP347,0
GraphFP332,0
GraphFP333,0
GraphFP334,0
GraphFP335,0
GraphFP336,0
GraphFP337,0
GraphFP338,0
GraphFP339,0
GraphFP394,0
GraphFP395,0
GraphFP397,0
GraphFP398,0
GraphFP399,0
GraphFP400,0
GraphFP401,0
GraphFP402,0
GraphFP384,0
GraphFP385,0
GraphFP386,0
GraphFP387,0
GraphFP389,0
GraphFP390,0
GraphFP391,0
GraphFP393,0
GraphFP374,0
GraphFP375,0
GraphFP376,0
GraphFP377,0
GraphFP380,0
GraphFP381,0
GraphFP382,0
GraphFP383,0
GraphFP366,0
GraphFP367,0
GraphFP368,0
GraphFP369,0
GraphFP370,0
GraphFP371,0
GraphFP372,0
GraphFP373,0
GraphFP431,0
GraphFP432,0
GraphFP435,0
GraphFP436,0
GraphFP437,0
GraphFP439,0
GraphFP440,0
GraphFP442,0
GraphFP423,0
GraphFP424,0
GraphFP425,0
GraphFP426,0
GraphFP427,0
GraphFP428,0
GraphFP429,0
GraphFP430,0
GraphFP411,0
GraphFP412,0
GraphFP414,0
GraphFP416,0
GraphFP417,0
GraphFP418,0
GraphFP420,0
GraphFP421,0
GraphFP403,0
GraphFP404,0
GraphFP405,0
GraphFP406,0
GraphFP407,0
GraphFP408,0
GraphFP409,0
GraphFP410,0
GraphFP472,0
GraphFP474,0
GraphFP475,0
GraphFP476,0
GraphFP477,0
GraphFP478,0
GraphFP479,0
GraphFP480,0
GraphFP463,0
GraphFP464,0
GraphFP465,0
GraphFP466,0
GraphFP468,0
GraphFP469,0
GraphFP470,0
GraphFP471,0
GraphFP452,0
GraphFP453,0
GraphFP454,0
GraphFP457,0
GraphFP458,0
GraphFP459,0
GraphFP460,0
GraphFP462,0
GraphFP443,0
GraphFP444,0
GraphFP446,0
GraphFP447,0
GraphFP448,0
GraphFP449,0
GraphFP450,0
GraphFP451,0
GraphFP508,0
GraphFP509,0
GraphFP510,0
GraphFP511,0
GraphFP512,0
GraphFP513,0
GraphFP514,0
GraphFP515,0
GraphFP499,0
GraphFP500,0
GraphFP501,0
GraphFP502,0
GraphFP503,0
GraphFP504,0
GraphFP505,0
GraphFP507,0
GraphFP490,0
GraphFP491,0
GraphFP493,0
GraphFP494,0
GraphFP495,0
GraphFP496,0
GraphFP497,0
GraphFP498,0
GraphFP481,0
GraphFP482,0
GraphFP484,0
GraphFP485,0
GraphFP486,0
GraphFP487,0
GraphFP488,0
GraphFP489,0
GraphFP543,0
GraphFP545,0
GraphFP546,0
GraphFP547,0
GraphFP548,0
GraphFP549,0
GraphFP550,0
GraphFP551,0
GraphFP534,0
GraphFP535,0
GraphFP536,0
GraphFP537,0
GraphFP538,0
GraphFP539,0
GraphFP540,0
GraphFP541,0
GraphFP524,0
GraphFP526,0
GraphFP527,0
GraphFP528,0
GraphFP529,0
GraphFP530,0
GraphFP532,0
GraphFP533,0
GraphFP516,0
GraphFP517,0
GraphFP518,0
GraphFP519,0
GraphFP520,0
GraphFP521,0
GraphFP522,0
GraphFP523,0
GraphFP582,0
GraphFP583,0
GraphFP584,0
GraphFP585,0
GraphFP586,0
GraphFP587,0
GraphFP589,0
GraphFP590,0
GraphFP572,0
GraphFP574,0
GraphFP575,0
GraphFP576,0
GraphFP578,0
GraphFP579,0
GraphFP580,0
GraphFP581,0
GraphFP560,0
GraphFP562,0
GraphFP564,0
GraphFP565,0
GraphFP566,0
GraphFP567,0
GraphFP568,0
GraphFP569,0
GraphFP552,0
GraphFP553,0
GraphFP554,0
GraphFP555,0
GraphFP556,0
GraphFP557,0
GraphFP558,0
GraphFP559,0
GraphFP619,0
GraphFP620,0
GraphFP621,0
GraphFP623,0
GraphFP625,0
GraphFP626,0
GraphFP627,0
GraphFP630,0
GraphFP609,0
GraphFP610,0
GraphFP611,0
GraphFP612,0
GraphFP613,0
GraphFP614,0
GraphFP616,0
GraphFP617,0
GraphFP601,0
GraphFP602,0
GraphFP603,0
GraphFP604,0
GraphFP605,0
GraphFP606,0
GraphFP607,0
GraphFP608,0
GraphFP591,0
GraphFP593,0
GraphFP594,0
GraphFP595,0
GraphFP597,0
GraphFP598,0
GraphFP599,0
GraphFP600,0
GraphFP660,0
GraphFP661,0
GraphFP662,0
GraphFP663,0
GraphFP664,0
GraphFP666,0
GraphFP667,0
GraphFP668,0
GraphFP651,0
GraphFP652,0
GraphFP653,0
GraphFP654,0
GraphFP655,0
GraphFP656,0
GraphFP658,0
GraphFP659,0
GraphFP640,0
GraphFP642,0
GraphFP643,0
GraphFP644,0
GraphFP645,0
GraphFP647,0
GraphFP648,0
GraphFP650,0
GraphFP631,0
GraphFP632,0
GraphFP633,0
GraphFP635,0
GraphFP636,0
GraphFP637,0
GraphFP638,0
GraphFP639,0
GraphFP696,0
GraphFP697,0
GraphFP698,0
GraphFP699,0
GraphFP700,0
GraphFP701,0
GraphFP702,0
GraphFP703,0
GraphFP686,0
GraphFP687,0
GraphFP688,0
GraphFP690,0
GraphFP691,0
GraphFP692,0
GraphFP694,0
GraphFP695,0
GraphFP678,0
GraphFP679,0
GraphFP680,0
GraphFP681,0
GraphFP682,0
GraphFP683,0
GraphFP684,0
GraphFP685,0
GraphFP669,0
GraphFP670,0
GraphFP671,0
GraphFP672,0
GraphFP673,0
GraphFP674,0
GraphFP675,0
GraphFP677,0
GraphFP729,0
GraphFP730,0
GraphFP731,0
GraphFP732,0
GraphFP733,0
GraphFP734,0
GraphFP735,0
GraphFP736,0
GraphFP721,0
GraphFP722,0
GraphFP723,0
GraphFP724,0
GraphFP725,0
GraphFP726,0
GraphFP727,0
GraphFP728,0
GraphFP712,0
GraphFP713,0
GraphFP714,0
GraphFP715,0
GraphFP716,0
GraphFP717,0
GraphFP719,0
GraphFP720,0
GraphFP704,0
GraphFP705,0
GraphFP706,0
GraphFP707,0
GraphFP708,0
GraphFP709,0
GraphFP710,0
GraphFP711,0
GraphFP768,0
GraphFP769,0
GraphFP770,0
GraphFP771,0
GraphFP772,0
GraphFP773,0
GraphFP774,0
GraphFP775,0
GraphFP760,0
GraphFP761,0
GraphFP762,0
GraphFP763,0
GraphFP764,0
GraphFP765,0
GraphFP766,0
GraphFP767,0
GraphFP749,0
GraphFP750,0
GraphFP751,0
GraphFP753,0
GraphFP755,0
GraphFP757,0
GraphFP758,0
GraphFP759,0
GraphFP738,0
GraphFP739,0
GraphFP740,0
GraphFP741,0
GraphFP744,0
GraphFP746,0
GraphFP747,0
GraphFP748,0
GraphFP806,0
GraphFP807,0
GraphFP808,0
GraphFP809,0
GraphFP810,0
GraphFP812,0
GraphFP813,0
GraphFP815,0
GraphFP796,0
GraphFP797,0
GraphFP798,0
GraphFP800,0
GraphFP801,0
GraphFP802,0
GraphFP803,0
GraphFP805,0
GraphFP785,0
GraphFP786,0
GraphFP787,0
GraphFP788,0
GraphFP792,0
GraphFP793,0
GraphFP794,0
GraphFP795,0
GraphFP776,0
GraphFP777,0
GraphFP778,0
GraphFP779,0
GraphFP780,0
GraphFP781,0
GraphFP782,0
GraphFP783,0
GraphFP845,0
GraphFP847,0
GraphFP848,0
GraphFP849,0
GraphFP850,0
GraphFP851,0
GraphFP852,0
GraphFP853,0
GraphFP836,0
GraphFP837,0
GraphFP838,0
GraphFP839,0
GraphFP841,0
GraphFP842,0
GraphFP843,0
GraphFP844,0
GraphFP826,0
GraphFP827,0
GraphFP828,0
GraphFP829,0
GraphFP830,0
GraphFP832,0
GraphFP833,0
GraphFP834,0
GraphFP816,0
GraphFP817,0
GraphFP818,0
GraphFP820,0
GraphFP822,0
GraphFP823,0
GraphFP824,0
GraphFP825,0
GraphFP885,0
GraphFP886,0
GraphFP887,0
GraphFP888,0
GraphFP889,0
GraphFP890,0
GraphFP891,0
GraphFP892,0
GraphFP876,0
GraphFP877,0
GraphFP878,0
GraphFP879,0
GraphFP880,0
GraphFP882,0
GraphFP883,0
GraphFP884,0
GraphFP863,0
GraphFP864,0
GraphFP867,0
GraphFP871,0
GraphFP872,0
GraphFP873,0
GraphFP874,0
GraphFP875,0
GraphFP854,0
GraphFP855,0
GraphFP856,0
GraphFP857,0
GraphFP858,0
GraphFP859,0
GraphFP861,0
GraphFP862,0
GraphFP920,0
GraphFP921,0
GraphFP923,0
GraphFP924,0
GraphFP925,0
GraphFP926,0
GraphFP927,0
GraphFP929,0
GraphFP911,0
GraphFP912,0
GraphFP913,0
GraphFP914,0
GraphFP915,0
GraphFP916,0
GraphFP917,0
GraphFP919,0
GraphFP903,0
GraphFP904,0
GraphFP905,0
GraphFP906,0
GraphFP907,0
GraphFP908,0
GraphFP909,0
GraphFP910,0
GraphFP893,0
GraphFP894,0
GraphFP895,0
GraphFP896,0
GraphFP898,0
GraphFP899,0
GraphFP901,0
GraphFP902,0
GraphFP959,0
GraphFP960,0
GraphFP961,0
GraphFP962,0
GraphFP963,0
GraphFP964,0
GraphFP965,0
GraphFP967,0
GraphFP951,0
GraphFP952,0
GraphFP953,0
GraphFP954,0
GraphFP955,0
GraphFP956,0
GraphFP957,0
GraphFP958,0
GraphFP943,0
GraphFP944,0
GraphFP945,0
GraphFP946,0
GraphFP947,0
GraphFP948,0
GraphFP949,0
GraphFP950,0
GraphFP930,0
GraphFP931,0
GraphFP933,0
GraphFP934,0
GraphFP937,0
GraphFP938,0
GraphFP939,0
GraphFP942,0
GraphFP999,0
GraphFP1000,0
GraphFP1001,0
GraphFP1002,0
GraphFP1005,0
GraphFP1007,0
GraphFP1009,0
GraphFP1010,0
GraphFP989,0
GraphFP990,0
GraphFP991,0
GraphFP992,0
GraphFP993,0
GraphFP995,0
GraphFP996,0
GraphFP998,0
GraphFP979,0
GraphFP980,0
GraphFP981,0
GraphFP983,0
GraphFP984,0
GraphFP985,0
GraphFP986,0
GraphFP987,0
GraphFP968,0
GraphFP969,0
GraphFP972,0
GraphFP973,0
GraphFP975,0
GraphFP976,0
GraphFP977,0
GraphFP978,0
AD2D170,0
AD2D171,0
AD2D172,0
AD2D173,0
AD2D174,0
AD2D180,0
AD2D181,0
AD2D183,0
AD2D15,0
AD2D25,0
AD2D92,0
AD2D94,0
AD2D102,0
AD2D105,0
AD2D129,0
AD2D169,0
GraphFP1019,0
GraphFP1020,0
GraphFP1021,0
GraphFP1022,0
GraphFP1023,0
GraphFP1024,0
AD2D8,0
AD2D12,0
GraphFP1011,0
GraphFP1012,0
GraphFP1013,0
GraphFP1014,0
GraphFP1015,0
GraphFP1016,0
GraphFP1017,0
GraphFP1018,0
AD2D276,0
AD2D285,0
AD2D286,0
AD2D292,0
AD2D312,0
AD2D313,0
AD2D314,0
AD2D320,0
AD2D259,0
AD2D261,0
AD2D262,0
AD2D263,0
AD2D267,0
AD2D271,0
AD2D272,0
AD2D273,0
AD2D234,0
AD2D247,0
AD2D248,0
AD2D249,0
AD2D251,0
AD2D253,0
AD2D257,0
AD2D258,0
AD2D184,0
AD2D189,0
AD2D207,0
AD2D208,0
AD2D213,0
AD2D214,0
AD2D215,0
AD2D219,0
AD2D403,0
AD2D404,0
AD2D405,0
AD2D407,0
AD2D408,0
AD2D409,0
AD2D413,0
AD2D414,0
AD2D354,0
AD2D363,0
AD2D370,0
AD2D391,0
AD2D392,0
AD2D398,0
AD2D399,0
AD2D402,0
AD2D336,0
AD2D337,0
AD2D339,0
AD2D340,0
AD2D345,0
AD2D348,0
AD2D349,0
AD2D350,0
AD2D324,0
AD2D325,0
AD2D326,0
AD2D327,0
AD2D329,0
AD2D330,0
AD2D331,0
AD2D335,0
AD2D496,0
AD2D497,0
AD2D498,0
AD2D501,0
AD2D502,0
AD2D504,0
AD2D505,0
AD2D506,0
AD2D485,0
AD2D486,0
AD2D487,0
AD2D488,0
AD2D491,0
AD2D492,0
AD2D493,0
AD2D495,0
AD2D428,0
AD2D432,0
AD2D441,0
AD2D469,0
AD2D470,0
AD2D481,0
AD2D482,0
AD2D483,0
AD2D415,0
AD2D417,0
AD2D418,0
AD2D419,0
AD2D423,0
AD2D424,0
AD2D426,0
AD2D427,0
AD2D575,0
AD2D579,0
AD2D582,0
AD2D583,0
AD2D584,0
AD2D585,0
AD2D588,0
AD2D597,0
AD2D564,0
AD2D565,0
AD2D566,0
AD2D569,0
AD2D570,0
AD2D571,0
AD2D573,0
AD2D574,0
AD2D550,0
AD2D552,0
AD2D555,0
AD2D558,0
AD2D559,0
AD2D560,0
AD2D561,0
AD2D563,0
AD2D510,0
AD2D519,0
AD2D520,0
AD2D526,0
AD2D531,0
AD2D547,0
AD2D548,0
AD2D549,0
AD2D738,0
AD2D739,0
AD2D740,0
AD2D744,0
AD2D753,0
AD2D754,0
AD2D759,0
pMIC,0
AD2D722,0
AD2D725,0
AD2D726,0
AD2D727,0
AD2D729,0
AD2D730,0
AD2D731,0
AD2D735,0
AD2D711,0
AD2D714,0
AD2D715,0
AD2D716,0
AD2D717,0
AD2D719,0
AD2D720,0
AD2D721,0
AD2D682,0
AD2D687,0
AD2D702,0
AD2D703,0
AD2D704,0
AD2D705,0
AD2D706,0
AD2D708,0
AATS4v,0
AATS5v,0
AATS6v,0
AATS7v,0
AATS8v,0
AATS0e,0
AATS4e,0
AATS5e,0
AATS0m,0
AATS1m,0
AATS4m,0
AATS5m,0
AATS7m,0
AATS8m,0
AATS0v,0
AATS3v,0
nCl,0
nBr,0
nI,0
nX,0
ATS0m,0
ATS4m,0
ATS0s,0
ATS2s,0
nAcid,0
apol,0
naAromAtom,0
nN,0
nO,0
nS,0
nP,0
nF,0
