,Feature,Importance
153,MATS6s,0.0074105681367736456
156,GATS1c,0.007033495588334708
881,FP550,0.006805284652209911
136,AATSC6s,0.0064039797058569135
124,AATSC6e,0.006190615155805002
0,nAcid,0.005488170495240248
1516,ExtFP166,0.004854857824218976
3306,AD2D339,0.004728904197881771
103,ATSC4s,0.004713294890519118
269,ETA_Psi_1,0.0045357331234834675
1027,FP697,0.00453557201858571
3351,AD2D495,0.004449444706935773
57,ATSC2c,0.004392649302198992
139,MATS1c,0.004287258383788006
1274,FP946,0.004204129518973527
302,MDEC-23,0.004130669038017861
2099,ExtFP755,0.003811148587628384
50,AATS4s,0.0037670693469899156
60,ATSC5c,0.003730590301281119
226,BCUTc-1h,0.0037051450900136545
45,AATS8i,0.0035859512607410732
325,JGI5,0.0035739040321207897
2763,GraphFP457,0.0034778372173431336
1194,FP866,0.0034174887551329503
125,AATSC7e,0.0033696162129250155
294,ZMIC1,0.0032636391866026214
178,GATS3e,0.0032611315634263048
266,ETA_Epsilon_5,0.0032419132922390853
1256,FP928,0.0032265885370415526
2631,GraphFP306,0.0031423093836806305
46,AATS0s,0.003055624382780039
1254,FP926,0.003003175728997662
272,ETA_Shape_Y,0.0029888088675499537
112,AATSC8c,0.002967702290761265
58,ATSC3c,0.0029023731653676833
196,GATS5i,0.0028916780028083733
49,AATS3s,0.0028853002396295973
144,MATS6m,0.0028351662824633427
19,AATS5m,0.0028283591317016447
197,GATS6i,0.0028047623427474434
322,JGI2,0.002795448112586181
20,AATS7m,0.0027953524308162105
241,SCH-6,0.0027812318817973603
97,ATSC6i,0.0027743094616876074
161,GATS6c,0.00277376181516413
83,ATSC4e,0.002766457549176622
201,GATS2s,0.002737698059319126
173,GATS6v,0.0027250638046984865
167,GATS4m,0.00269380542916715
95,ATSC4i,0.0026916948106476463
314,MDEN-33,0.0026896756303185928
333,XLogP,0.002665799957787437
2320,ExtFP979,0.002656284383655076
102,ATSC3s,0.002636033714069011
184,GATS1p,0.0026287876708520107
85,ATSC6e,0.0026276609737624513
135,AATSC5s,0.0026188437719161096
1833,ExtFP485,0.002603309347597349
233,C2SP2,0.0025950011161827258
182,GATS7e,0.00257454056150014
158,GATS3c,0.0025745206201316147
306,MDEO-11,0.002559798052556582
29,AATS0e,0.0025516503144301485
205,GATS6s,0.0025368879856544524
86,ATSC7e,0.002535774420594792
91,ATSC8p,0.0025289685940852154
18,AATS4m,0.0025188749141597344
92,ATSC1i,0.002514746048719291
1927,ExtFP581,0.0024993302778644195
181,GATS6e,0.0024721758148178955
262,ETA_AlphaP,0.0024589676284264565
188,GATS5p,0.002443709606883815
229,nBondsD,0.0024290569270716544
891,FP560,0.002422258258757702
25,AATS5v,0.0024123274770418137
502,FP169,0.00239479827093441
186,GATS3p,0.00239001135229255
1178,FP850,0.002350146384426676
3355,AD2D501,0.002349912657126078
332,SRW5,0.00233504016831776
87,ATSC8e,0.0023225207127998207
63,ATSC8c,0.0023068930736165265
1139,FP811,0.0023049778686137002
239,SCH-3,0.0022800952461685497
285,IC1,0.0022753946955604096
252,ASP-0,0.0022677227006899768
75,ATSC4v,0.002264431606225138
137,AATSC7s,0.0022618730407256
41,AATS4i,0.0022618268412830716
132,AATSC6i,0.0022562814563529647
3300,AD2D329,0.0022549448261789213
284,IC0,0.002249979323441964
32,AATS6e,0.002249431943658878
134,AATSC8i,0.002225713188380905
154,MATS7s,0.0022072547891631646
328,JGI8,0.002204983598830785
438,FP105,0.0021970377672925192
157,GATS2c,0.0021914755273939684
152,MATS5s,0.0021902626109538002
84,ATSC5e,0.002186965045410329
217,SM1_Dzs,0.0021842351694182595
304,MDEC-33,0.002174077580276473
1966,ExtFP620,0.0021685594405303397
2169,ExtFP825,0.0021611812710039795
69,ATSC6m,0.0021517073662128882
324,JGI4,0.0021447512080873168
44,AATS7i,0.002140306285994369
106,ATSC8s,0.002136307236220371
40,AATS3i,0.00210449249660227
861,FP530,0.002092976734842616
82,ATSC3e,0.0020574637682381465
315,R_TpiPCTPC,0.0020464257852710866
279,ETA_Eta_B,0.0020384801695664183
255,ASP-3,0.002023130019036627
264,ETA_dAlpha_B,0.002014258402035822
287,IC3,0.002014011870633895
301,MDEC-22,0.0020087977313567058
225,BCUTc-1l,0.0020055701188604878
70,ATSC7m,0.001998775080777815
202,GATS3s,0.0019872662045198964
290,SIC2,0.001974698237350416
120,AATSC6v,0.001966421452639051
110,AATSC6c,0.0019462246487437745
108,AATSC1c,0.0019434025467201473
111,AATSC7c,0.0019431445975207982
74,ATSC3v,0.0019419064765686708
176,GATS1e,0.0019399912942463485
1725,ExtFP377,0.001936760663421014
2221,ExtFP878,0.0019354584582261137
38,AATS1i,0.0019138735838816715
2197,ExtFP854,0.001909851500150816
519,FP186,0.0019092246748952353
215,VE2_Dzv,0.0019046163574037694
189,GATS6p,0.0019025784587002447
253,ASP-1,0.0018936658410480603
143,MATS5m,0.0018891649226566076
37,AATS0i,0.00187577590590325
251,VPC-4,0.0018757192129431877
257,AVP-0,0.0018751806981012155
109,AATSC4c,0.0018728694330217527
177,GATS2e,0.0018707997922935155
160,GATS5c,0.001864687761262375
275,ETA_BetaP_s,0.001861161051455046
55,ATSC0c,0.0018546052582860686
14,ATS0s,0.001847893463510884
72,ATSC1v,0.0018443241975666595
1216,FP888,0.0018385555625770184
370,FP37,0.0018358515280285132
195,GATS4i,0.0018340494680776933
323,JGI3,0.0018281843411508858
127,AATSC0p,0.0018269698435733868
1798,ExtFP450,0.0018180974386675264
254,ASP-2,0.0017989815219296148
1067,FP737,0.001783420553570101
93,ATSC2i,0.0017831199538506795
33,AATS7e,0.0017754254191844872
289,SIC1,0.0017668724447076423
976,FP646,0.0017661670148100728
89,ATSC5p,0.00176492397197116
159,GATS4c,0.001761331906498091
116,AATSC7m,0.0017484273941408702
200,GATS1s,0.001746961650846301
2705,GraphFP385,0.0017454440400211122
174,GATS7v,0.001744911713901063
1493,ExtFP143,0.0017408126114849898
151,MATS4s,0.001732080498677492
214,VE1_Dzv,0.0017195150739569528
59,ATSC4c,0.00170835960752921
326,JGI6,0.0017015968336133126
3259,AD2D173,0.001695717109898623
22,AATS0v,0.001692872564667756
207,GATS8s,0.0016906643559970213
76,ATSC5v,0.001689039480953648
3101,GraphFP851,0.0016699093526791275
236,C2SP3,0.0016610829403740624
211,VR1_DzZ,0.0016374457642123227
3075,GraphFP820,0.0016336638795648123
34,AATS8e,0.001629864824862054
1533,ExtFP183,0.0016272443860495729
30,AATS4e,0.001623423799226672
286,IC2,0.0016101993201445778
271,ETA_Shape_P,0.0016069253005949072
148,MATS1s,0.0015996071400120138
129,AATSC6p,0.0015839928183867097
227,BCUTp-1l,0.0015785516425172045
145,MATS7m,0.0015785241716620548
191,GATS8p,0.001576459060903934
171,GATS8m,0.0015762864975082964
130,AATSC7p,0.0015734049698401492
193,GATS2i,0.001571595247545578
1596,ExtFP247,0.0015571306323977846
27,AATS7v,0.001548458407829463
78,ATSC7v,0.0015441483123929962
204,GATS5s,0.0015417093946937558
537,FP204,0.0015359954954485043
488,FP155,0.0015294342856869416
256,ASP-7,0.0015078082274245824
131,AATSC8p,0.0015068122475593087
1,apol,0.001504680480955491
142,MATS4m,0.001499169447296947
48,AATS2s,0.0014986107517088198
163,GATS8c,0.0014982465434249784
147,MATS2e,0.001494082658851589
1753,ExtFP405,0.0014816919557634296
107,AATSC0c,0.0014788921047800998
1279,FP951,0.0014733303394172828
17,AATS1m,0.0014716262727278858
52,AATS6s,0.0014635171059535152
11,nX,0.001457265673852865
587,FP255,0.0014465701297186094
80,ATSC1e,0.0014386225650130221
165,GATS2m,0.0014350284297732698
183,GATS8e,0.0014317162187563936
175,GATS8v,0.0014255815723234644
61,ATSC6c,0.0014219508909797131
920,FP590,0.0014107812212808821
203,GATS4s,0.0014071548517400158
146,MATS8m,0.0014005815631535081
149,MATS2s,0.0013929700680670814
68,ATSC5m,0.001386674632900864
2043,ExtFP697,0.0013846360920741756
198,GATS7i,0.0013807326868018523
2026,ExtFP680,0.0013646157874041857
318,RotBFrac,0.0013642615787835522
342,FP9,0.0013583082404564724
141,MATS3m,0.0013530673265636708
209,VE1_DzZ,0.0013455095057226711
480,FP147,0.0013305710719502715
13,ATS4m,0.0013226956432782818
274,ETA_BetaP,0.001320284322061914
278,ETA_EtaP,0.0013197658190945856
243,SC-3,0.0013172816054049985
56,ATSC1c,0.0013162330147383128
164,GATS1m,0.001316168767653834
150,MATS3s,0.00131330104174353
67,ATSC4m,0.001310743407857683
155,MATS8s,0.0013079935964429759
31,AATS5e,0.0012938914835871867
282,nHBAcc_Lipinski,0.001292853911242552
24,AATS4v,0.0012915596467951247
1716,ExtFP368,0.0012861842312527317
904,FP573,0.0012861178251005307
2242,ExtFP899,0.0012847795824817607
105,ATSC7s,0.0012825957968983293
36,AATS4p,0.001274833991166925
2793,GraphFP491,0.0012723865945632937
1752,ExtFP404,0.0012712095411513658
166,GATS3m,0.00126772860384768
2750,GraphFP440,0.0012659864209246417
293,MIC1,0.0012651828022427303
1007,FP677,0.0012628705576125856
208,SM1_DzZ,0.0012624600332630878
1278,FP950,0.001259261018130203
190,GATS7p,0.0012583471911149333
1653,ExtFP305,0.001255977781650345
1956,ExtFP610,0.0012535913113736244
39,AATS2i,0.0012532322437417427
220,VE3_Dzs,0.001231091535384962
90,ATSC7p,0.0012282835099051872
1695,ExtFP347,0.0012257177378561693
815,FP484,0.001216752863786879
2430,GraphFP89,0.0012106253040677366
104,ATSC5s,0.001210125598551712
1778,ExtFP430,0.0012059103779697728
261,ECCEN,0.0012001655177947474
35,AATS0p,0.0011977346512490124
559,FP226,0.001197321276491885
128,AATSC5p,0.0011914550898406593
260,VE2_Dt,0.0011846859596173597
98,ATSC7i,0.001184270434410108
23,AATS3v,0.0011730905105665939
247,VC-3,0.0011699859239472572
1078,FP750,0.0011695487491230135
101,ATSC2s,0.0011664136252262985
1968,ExtFP622,0.0011654549610430357
2238,ExtFP895,0.0011556042568960168
541,FP208,0.0011530149014803027
771,FP440,0.0011518780094087187
1863,ExtFP515,0.0011483003415251013
218,VE1_Dzs,0.0011469525206974915
259,VE1_Dt,0.0011446867864699972
194,GATS3i,0.001141424718170421
310,MDEN-12,0.0011376675697170136
53,AATS7s,0.0011326729239138434
118,AATSC0v,0.0011293198161914627
26,AATS6v,0.0011275157983414547
1327,FP1000,0.00111547124817035
71,ATSC8m,0.0011154642366837425
43,AATS6i,0.00111247729326973
1800,ExtFP452,0.0011095162346685375
2729,GraphFP412,0.0011092408666009978
962,FP632,0.001107566006139437
1331,FP1004,0.001106535024619141
114,AATSC5m,0.0011014414593475991
1301,FP974,0.0010963380617696472
1284,FP956,0.0010946885358892725
1297,FP969,0.0010880646387446092
15,ATS2s,0.001084769439324966
2075,ExtFP731,0.0010835115109180445
172,GATS2v,0.0010806377401192508
1074,FP746,0.0010785504456262947
250,VC-6,0.0010750219969599877
909,FP579,0.0010650524609075996
319,RotBtFrac,0.0010597607643505938
481,FP148,0.0010574130520565423
138,AATSC8s,0.0010569736962502269
81,ATSC2e,0.0010539929080493236
94,ATSC3i,0.001052568958279865
2494,GraphFP156,0.0010507719800203572
1799,ExtFP451,0.0010462777970245238
2963,GraphFP690,0.0010413207101078778
307,MDEO-12,0.0010405205545614069
3184,GraphFP951,0.0010397894267567605
221,VR1_Dzs,0.001038105601196158
3412,AD2D651,0.001033619443112179
1171,FP843,0.0010315413746784527
62,ATSC7c,0.0010262224240742187
2161,ExtFP817,0.0010227515120620322
292,MIC0,0.0010152029040613971
870,FP539,0.0010112855457700546
1262,FP934,0.0010076015629689832
2474,GraphFP135,0.001006632033172002
665,FP333,0.0010066020744679259
1046,FP716,0.0010056500269923997
77,ATSC6v,0.0009998014346922343
162,GATS7c,0.0009921641437102174
88,ATSC1p,0.0009887601385758478
752,FP421,0.0009819165990417162
3233,GraphFP1012,0.0009791199056693241
117,AATSC8m,0.0009785764671090566
1884,ExtFP536,0.0009768732991795501
192,GATS1i,0.000970220972283895
1096,FP768,0.0009694270819122324
654,FP322,0.000968947203020483
96,ATSC5i,0.000964168175039574
258,SpMax_Dt,0.0009540383411422293
2985,GraphFP713,0.0009532076621500436
249,VC-5,0.0009523704697403931
1002,FP672,0.0009487016181449591
169,GATS6m,0.0009472398015479039
1912,ExtFP566,0.0009468288987886035
988,FP658,0.000946801661001008
1109,FP781,0.0009438020096793936
725,FP394,0.0009436007527244822
216,VR1_Dzp,0.0009398705589989622
66,ATSC3m,0.0009396134934563385
2298,ExtFP957,0.0009347853880091579
1687,ExtFP339,0.0009339295194213743
1041,FP711,0.0009329225323379731
168,GATS5m,0.0009324018244525878
199,GATS8i,0.0009315292744978243
1543,ExtFP194,0.0009298259579726876
2147,ExtFP803,0.0009258294383779851
528,FP195,0.000917372369826608
64,ATSC1m,0.0009122770205671803
277,ETA_BetaP_ns_d,0.000911452839268691
115,AATSC6m,0.0009104552072154204
1898,ExtFP551,0.00090917341514361
313,MDEN-23,0.0009084311510296633
133,AATSC7i,0.0009070361573026734
16,AATS0m,0.0009019762346738571
1440,ExtFP90,0.0009016701844710524
1944,ExtFP598,0.0009013864432008288
100,ATSC1s,0.0009012307787530177
1667,ExtFP319,0.0008992638923418928
291,SIC3,0.0008956493184096146
28,AATS8v,0.0008952959707732702
288,SIC0,0.0008945663682597665
348,FP15,0.0008928293768644309
180,GATS5e,0.0008858385849944045
713,FP381,0.0008821404072765127
1670,ExtFP322,0.0008770828447580361
187,GATS4p,0.0008765472571077328
1614,ExtFP265,0.0008753375020111964
185,GATS2p,0.0008749738341156287
2256,ExtFP914,0.000872408033409476
265,ETA_Epsilon_3,0.0008645544398843245
21,AATS8m,0.000856659325163839
2211,ExtFP868,0.0008563126597506846
329,JGI9,0.0008551156498472028
1189,FP861,0.0008510556186426826
1066,FP736,0.0008436798140272088
1208,FP880,0.0008376535317126172
321,JGI1,0.0008359589231286027
506,FP173,0.0008356210591710905
327,JGI7,0.0008309481407393271
610,FP278,0.0008228821152960422
1166,FP838,0.0008202245954547604
1261,FP933,0.0008194410974424481
2070,ExtFP725,0.0008191110061644933
3431,AD2D708,0.0008190624319696505
908,FP578,0.0008178577962476766
123,AATSC5e,0.000815969751943662
954,FP624,0.0008110563757824997
1359,ExtFP8,0.0008091438851093931
232,C1SP2,0.0008087235244705124
113,AATSC1m,0.0008079003182175217
1469,ExtFP119,0.0008067614906376471
1461,ExtFP111,0.0008062249949644002
905,FP574,0.0008046616590722012
119,AATSC5v,0.0008034952297468102
47,AATS1s,0.0007984264034463156
245,SC-5,0.0007959033991930434
1432,ExtFP82,0.0007859610684656903
2483,GraphFP144,0.0007807234904316914
653,FP321,0.0007767076099810945
1853,ExtFP505,0.0007685856334988862
2848,GraphFP552,0.0007679460209020473
295,nAtomLC,0.0007668060484555699
1540,ExtFP191,0.0007648744758912796
140,MATS2m,0.0007645690740051503
1176,FP848,0.0007637804217876986
1821,ExtFP473,0.0007569061588658142
3103,GraphFP853,0.0007527851739653083
1130,FP802,0.0007511184307339755
972,FP642,0.0007494940875780012
1197,FP869,0.0007458768247243192
1730,ExtFP382,0.0007417389070483712
524,FP191,0.0007343455307772212
54,AATS8s,0.0007342920290890128
1454,ExtFP104,0.0007335832645377617
3086,GraphFP833,0.0007333425499140507
2597,GraphFP269,0.0007305197550720322
2257,ExtFP915,0.0007304477122401897
1688,ExtFP340,0.0007280602426186271
267,ETA_dEpsilon_B,0.0007257056218633604
2327,ExtFP986,0.0007247682464450764
3,nN,0.0007226056509520476
1531,ExtFP181,0.0007214507340742167
1691,ExtFP343,0.0007207645046046472
368,FP35,0.0007170145294562939
212,VR3_DzZ,0.0007162259329039017
2540,GraphFP205,0.0007156433778437529
697,FP365,0.0007138297025170118
299,MDEC-12,0.0007136125623971945
1513,ExtFP163,0.0007105931184757535
2265,ExtFP923,0.0007005433003230297
1723,ExtFP375,0.0006989939919705447
1987,ExtFP641,0.0006954654082785193
2994,GraphFP723,0.000693141550026992
1441,ExtFP91,0.0006919567925732767
1015,FP685,0.000690786185667566
706,FP374,0.0006898977686105708
478,FP145,0.0006865176864407401
179,GATS4e,0.0006836249512085123
1456,ExtFP106,0.0006835355230704546
2014,ExtFP668,0.00068284345973103
2324,ExtFP983,0.0006783513171179058
2081,ExtFP737,0.0006764521019696701
796,FP465,0.0006759604120384383
2195,ExtFP852,0.0006730923226126881
1872,ExtFP524,0.000667916751761923
126,AATSC8e,0.0006668067352315106
1442,ExtFP92,0.0006659325331898826
1449,ExtFP99,0.0006642346609439367
491,FP158,0.0006636051534553588
268,ETA_dEpsilon_D,0.000660075405255401
1436,ExtFP86,0.0006569730872871781
1238,FP910,0.0006562690271118535
1638,ExtFP289,0.0006559497746392556
1806,ExtFP458,0.0006553138940856248
638,FP306,0.0006515157470240521
1553,ExtFP204,0.0006512016936080634
484,FP151,0.0006435871174388662
1905,ExtFP558,0.0006426277386848734
1362,ExtFP11,0.0006418852516979079
331,VR1_D,0.0006399803169902026
122,AATSC8v,0.0006357853155532239
356,FP23,0.0006351730716309962
12,ATS0m,0.0006304554020218465
2038,ExtFP692,0.0006251858979378211
2834,GraphFP536,0.0006251289122984838
1897,ExtFP550,0.0006190211521376462
1045,FP715,0.0006183159741070948
950,FP620,0.0006180355670445433
2491,GraphFP153,0.000617344274857359
316,PetitjeanNumber,0.0006171116642466437
1065,FP735,0.000617098708070794
862,FP531,0.0006099728055701511
280,ETA_EtaP_B,0.0006095612210441375
1057,FP727,0.0006082537819254978
1276,FP948,0.0006076193486277747
206,GATS7s,0.0006066834060106418
857,FP526,0.0006024324692401288
3289,AD2D285,0.0005984264911417579
1247,FP919,0.0005946498188317901
1882,ExtFP534,0.0005938434079720294
1745,ExtFP397,0.0005902012359683064
65,ATSC2m,0.0005874307108325215
3305,AD2D337,0.0005863404414739441
1168,FP840,0.0005862665377167574
1813,ExtFP465,0.0005853653574220775
1812,ExtFP464,0.0005852329819417471
79,ATSC8v,0.0005824630865867857
420,FP87,0.0005818965710732254
170,GATS7m,0.0005815364234491026
649,FP317,0.000581492042057972
1192,FP864,0.0005805558809456356
210,VE3_DzZ,0.0005775825409991614
2979,GraphFP707,0.000570648881592881
1791,ExtFP443,0.0005703447598101923
2077,ExtFP733,0.0005699606565331157
2557,GraphFP223,0.0005682459438483189
2562,GraphFP228,0.0005664134942534053
2510,GraphFP173,0.0005659478440345856
2812,GraphFP512,0.0005639281545050792
224,BCUTw-1h,0.0005628395025862934
2204,ExtFP861,0.0005600880258076079
888,FP557,0.0005597115862274038
1976,ExtFP630,0.0005583224741044988
2886,GraphFP599,0.0005578855698899646
1844,ExtFP496,0.0005575562933825437
548,FP215,0.0005561495012591101
738,FP407,0.0005534375943156292
308,MDEO-22,0.0005506197134064475
374,FP41,0.0005503261716023614
2765,GraphFP459,0.0005498703378608128
1071,FP741,0.0005477120355652156
2219,ExtFP876,0.0005464242598800082
309,MDEN-11,0.0005453926584081799
2588,GraphFP260,0.0005447629741900321
228,BCUTp-1h,0.000544041750286098
273,ETA_Shape_X,0.0005439133730456001
3257,AD2D171,0.0005396750371452723
365,FP32,0.0005344208024054728
2777,GraphFP474,0.000533502235552718
2534,GraphFP199,0.0005317777965160353
2174,ExtFP830,0.0005316411353796544
679,FP347,0.0005315984356449847
2379,GraphFP36,0.0005313435249773782
1018,FP688,0.0005311071803452591
2925,GraphFP647,0.000530690427482944
1877,ExtFP529,0.0005278558798495732
2476,GraphFP137,0.0005253310842179423
1870,ExtFP522,0.0005246742298462346
1896,ExtFP549,0.000522291045408407
2,naAromAtom,0.0005214566120584763
1532,ExtFP182,0.0005208209267068124
2428,GraphFP87,0.0005176351604489288
2382,GraphFP39,0.0005172709368071364
1150,FP822,0.000516849862766412
1709,ExtFP361,0.0005091255067227679
3347,AD2D488,0.0005089572030673667
979,FP649,0.0005079037097964836
1034,FP704,0.0005067933150248984
1671,ExtFP323,0.0005066462212492063
317,nRotB,0.0005058683189424208
234,C3SP2,0.0005041822214413443
2716,GraphFP399,0.0005033789539693977
2067,ExtFP722,0.0005031869592573211
2586,GraphFP258,0.0005007430674444246
3366,AD2D548,0.0004935404216805045
3302,AD2D331,0.0004918216082035052
330,JGI10,0.0004909509674192749
2749,GraphFP439,0.0004900258483879264
3211,GraphFP983,0.0004895382026499058
311,MDEN-13,0.0004887733878606903
756,FP425,0.00048810352707806813
73,ATSC2v,0.0004872612555624507
873,FP542,0.00048577208997938894
2616,GraphFP289,0.00048360948096912284
1770,ExtFP422,0.00048345709644479547
300,MDEC-13,0.0004803234593791655
298,MDEC-11,0.000480090718811647
3303,AD2D335,0.0004795830311850134
475,FP142,0.00047936900475032784
3024,GraphFP760,0.00047835082348373167
1505,ExtFP155,0.0004761248885015455
3144,GraphFP903,0.00047485571568469276
1148,FP820,0.00047345259073903106
121,AATSC7v,0.0004719085751773901
383,FP50,0.00047159926785933607
10,nI,0.0004703288371929726
2827,GraphFP528,0.00046846388072333884
1064,FP734,0.00046656325408716523
804,FP473,0.00046613338339763436
549,FP216,0.0004643861417132947
3240,GraphFP1019,0.00045720415280935714
2220,ExtFP877,0.0004571521196044452
682,FP350,0.0004569091500141898
2330,ExtFP989,0.00045634071873932523
3037,GraphFP773,0.00045583321496220743
1958,ExtFP612,0.00045497397641825464
1588,ExtFP239,0.0004527515078611366
1910,ExtFP564,0.0004518925994588531
2393,GraphFP50,0.0004498557561431399
1634,ExtFP285,0.00044967492055775194
431,FP98,0.000449479965179635
1914,ExtFP568,0.0004489521834729843
2561,GraphFP227,0.00044480771668751535
500,FP167,0.0004440147781141402
2180,ExtFP836,0.00044135758836784655
2150,ExtFP806,0.000440493963066646
1428,ExtFP78,0.00043867067824899527
2761,GraphFP453,0.00043540840370292057
1215,FP887,0.0004339266057655118
380,FP47,0.00043362556690276376
925,FP595,0.0004328348959852582
1835,ExtFP487,0.00043221980061402653
2007,ExtFP661,0.0004305443032960525
560,FP227,0.000430421898010769
2071,ExtFP726,0.00042969598934856386
426,FP93,0.00042799541637909334
2267,ExtFP925,0.000427272526144543
883,FP552,0.0004260787967402905
2130,ExtFP786,0.0004256393164761054
2411,GraphFP69,0.000425091282087142
3055,GraphFP795,0.0004245972209752547
2819,GraphFP519,0.00042459674511161137
3292,AD2D312,0.0004241504198237969
1499,ExtFP149,0.0004239816030391731
2877,GraphFP587,0.00042292527073409405
377,FP44,0.0004201371701112651
886,FP555,0.00041961111022714834
235,C1SP3,0.00041575041264219087
1237,FP909,0.00041354543744561453
656,FP324,0.00041306786434623264
1566,ExtFP217,0.0004124639680471946
2042,ExtFP696,0.00041124971403565773
2044,ExtFP698,0.0004084550638155825
1639,ExtFP290,0.0004084364119046311
320,LipinskiFailures,0.0004060986002752203
2783,GraphFP480,0.0004023531530542146
1468,ExtFP118,0.00040146777306298106
296,nAtomP,0.00040146304625399484
99,ATSC8i,0.0004013962675303767
2415,GraphFP73,0.0004012113751483888
696,FP364,0.0004010793536394722
828,FP497,0.000399036564269945
451,FP118,0.0003987105374289905
2095,ExtFP751,0.00039824177027247116
51,AATS5s,0.0003978287016700666
816,FP485,0.0003965693424180494
3146,GraphFP905,0.00039594490236186173
421,FP88,0.0003957648063404617
2301,ExtFP960,0.00039518162069917097
2615,GraphFP288,0.00039289459605026846
1165,FP837,0.0003902791819267414
1363,ExtFP12,0.0003898462587316895
2440,GraphFP100,0.000388394181987854
1145,FP817,0.00038824036221025515
213,SM1_Dzv,0.00038752449325508943
3252,AD2D102,0.00038496637017738163
1366,ExtFP15,0.0003828832897857766
961,FP631,0.000382653766919307
3323,AD2D407,0.0003792464172961737
769,FP438,0.0003778179946553038
808,FP477,0.00037605440672361704
1640,ExtFP291,0.0003749800732912747
3025,GraphFP761,0.0003739097212353699
2008,ExtFP662,0.000373616741466258
892,FP561,0.00037348307130971966
2754,GraphFP446,0.0003728626367787659
3402,AD2D637,0.0003719997622955066
2302,ExtFP961,0.00037180296434329523
2504,GraphFP167,0.0003713510259504635
223,BCUTw-1l,0.00037075313079596535
2179,ExtFP835,0.00037057702877977
2520,GraphFP183,0.00036911340249705035
3073,GraphFP817,0.00036902028949040833
1913,ExtFP567,0.00036796023769762257
1570,ExtFP221,0.0003671904445576675
2432,GraphFP91,0.00036703692277807476
3054,GraphFP794,0.00036698116731448475
1009,FP679,0.00036534543756022
1697,ExtFP349,0.00036478182964526053
3261,AD2D180,0.0003636426040753208
3319,AD2D402,0.00036080749262615655
1924,ExtFP578,0.00036036262239579867
2546,GraphFP212,0.000354506929337187
1885,ExtFP537,0.00035294235933161055
1951,ExtFP605,0.00035264534943769217
312,MDEN-22,0.00035057106303662213
2558,GraphFP224,0.0003499716165556079
2593,GraphFP265,0.0003490922448282333
1555,ExtFP206,0.00034877122841224344
698,FP366,0.0003483746123124172
2124,ExtFP780,0.0003475249142375529
1141,FP813,0.000346706637255996
2789,GraphFP487,0.0003435369100439816
1433,ExtFP83,0.00034294605906875776
509,FP176,0.0003425902541847398
1329,FP1002,0.0003421722410959669
569,FP236,0.00034010811046232694
430,FP97,0.00033865622958881617
1888,ExtFP540,0.00033856153695455143
1381,ExtFP30,0.00033607554987862746
1031,FP701,0.00033587174273045403
2574,GraphFP243,0.0003346206262148173
1542,ExtFP193,0.00033286249609119234
42,AATS5i,0.000332748952929096
2113,ExtFP769,0.00033247042375127557
2239,ExtFP896,0.0003324020219143951
1604,ExtFP255,0.0003317099184790933
2271,ExtFP929,0.0003311646667782823
3004,GraphFP733,0.0003308586143628162
789,FP458,0.0003305556956311545
1646,ExtFP298,0.00033006420815744856
3143,GraphFP902,0.0003298635706700079
2624,GraphFP298,0.00032733113957406616
2531,GraphFP196,0.0003271080802227714
276,ETA_Beta_ns_d,0.00032569019695207586
1463,ExtFP113,0.0003247595125310051
1869,ExtFP521,0.0003240705218735612
2111,ExtFP767,0.0003232498660877171
2606,GraphFP278,0.00032301416328250974
701,FP369,0.0003221592212892835
667,FP335,0.0003216440964408771
2273,ExtFP931,0.00032158517430273446
436,FP103,0.00032062979060468714
1437,ExtFP87,0.0003199739083197564
3072,GraphFP816,0.0003196997372374633
2605,GraphFP277,0.00031910002946713506
1344,FP1017,0.00031894931960601403
1703,ExtFP355,0.00031780631299397087
1010,FP680,0.0003177876599212861
1081,FP753,0.00031749739648059117
1769,ExtFP421,0.00031619006358379333
3236,GraphFP1015,0.0003151973254802994
1782,ExtFP434,0.00031458987854154517
692,FP360,0.0003134697251497355
1429,ExtFP79,0.00031233017848326694
1283,FP955,0.0003122892655560524
2311,ExtFP970,0.0003098946503793366
2006,ExtFP660,0.0003089293290205331
2091,ExtFP747,0.0003075902471241373
466,FP133,0.00030642271311221494
3092,GraphFP841,0.00030576617549750077
2575,GraphFP244,0.000305663445989842
1678,ExtFP330,0.000305525578615784
2844,GraphFP548,0.00030417490312833415
2168,ExtFP824,0.00030274559355547917
2466,GraphFP126,0.00030163830045670456
2103,ExtFP759,0.0003006054996378447
2178,ExtFP834,0.00029919665658089176
2836,GraphFP538,0.000298658526653506
810,FP479,0.0002981232288570704
819,FP488,0.00029712188512063376
2033,ExtFP687,0.00029665285581317657
2828,GraphFP529,0.0002955455514097003
807,FP476,0.00029533084222325946
2060,ExtFP715,0.0002947365326225032
1989,ExtFP643,0.00029165686074488785
2816,GraphFP516,0.0002903672412792662
1735,ExtFP387,0.00029003220817190465
1841,ExtFP493,0.00028924425675855314
601,FP269,0.00028876087622315956
1059,FP729,0.0002877668859229329
244,SC-4,0.00028700689330606223
3388,AD2D584,0.00028676282354127345
2076,ExtFP732,0.0002865690302196073
3382,AD2D573,0.0002864508521342697
219,VE2_Dzs,0.0002861099902874476
1273,FP945,0.00028546080329488105
767,FP436,0.0002849733886603844
1266,FP938,0.00028432202945891674
514,FP181,0.0002838667455850956
2641,GraphFP316,0.00028242266491700606
3077,GraphFP823,0.00028179854108456625
1587,ExtFP238,0.00028162053195706103
2512,GraphFP175,0.00028160654712438356
2738,GraphFP425,0.0002804364063931061
505,FP172,0.00027949181749681854
2023,ExtFP677,0.00027920255490751977
2405,GraphFP62,0.00027859477791700773
907,FP577,0.0002783401373405556
2634,GraphFP309,0.0002783334070773231
1721,ExtFP373,0.0002771622944444566
1358,ExtFP7,0.0002748819103743236
3251,AD2D94,0.0002740120295794464
2980,GraphFP708,0.0002728917463126717
2406,GraphFP63,0.0002713558863146694
1696,ExtFP348,0.0002711249296958641
2576,GraphFP245,0.0002702109576756808
1296,FP968,0.0002687837608704836
668,FP336,0.0002669108476425594
1206,FP878,0.00026687060479805273
2118,ExtFP774,0.000266099198339588
1275,FP947,0.00026444357475896146
1118,FP790,0.0002642573604174902
1591,ExtFP242,0.0002641443444000783
1530,ExtFP180,0.0002636000557753262
3385,AD2D579,0.00026320556548895045
1193,FP865,0.00026267753847088486
3444,AD2D729,0.00026142220233659673
2681,GraphFP359,0.00026127624995372196
2487,GraphFP148,0.0002609358676210223
1084,FP756,0.00026081334773386225
1816,ExtFP468,0.0002606037884616094
685,FP353,0.000260433533209979
2929,GraphFP652,0.0002590622763834615
1500,ExtFP150,0.0002590029544984183
3360,AD2D510,0.00025879922258973607
3165,GraphFP926,0.0002583492622584353
3325,AD2D409,0.0002582102589929677
1900,ExtFP553,0.00025683780919107514
2264,ExtFP922,0.00025578280585602956
1089,FP761,0.00025547930903372377
2065,ExtFP720,0.00025528011622785924
1654,ExtFP306,0.00025456114134541995
3191,GraphFP958,0.00025438319409888823
2529,GraphFP194,0.000253756046849088
1337,FP1010,0.0002523030560617983
850,FP519,0.00025011110997714503
1101,FP773,0.0002480461523120596
787,FP456,0.00024720804166506247
1395,ExtFP44,0.0002462122836153757
571,FP238,0.000245961577286846
1766,ExtFP418,0.00024594029729562285
2300,ExtFP959,0.00024550981591373126
1651,ExtFP303,0.0002454535164128835
493,FP160,0.0002453915597580254
2227,ExtFP884,0.0002444995637854805
3376,AD2D564,0.0002444458788294479
1527,ExtFP177,0.0002442259183239563
2743,GraphFP430,0.00024412711141292708
556,FP223,0.00024298965360952676
2308,ExtFP967,0.0002419680698779579
427,FP94,0.00024179036433338093
3049,GraphFP786,0.00024173270044967074
1808,ExtFP460,0.00024165064787910344
2811,GraphFP511,0.00024096844969108885
1719,ExtFP371,0.0002408941793896594
2733,GraphFP418,0.00024079137052634964
1047,FP717,0.00023877056027642543
2913,GraphFP632,0.00023807305216145262
281,nHBAcc,0.00023758281460508352
708,FP376,0.0002364698641700108
802,FP471,0.00023512426075736743
554,FP221,0.00023508737955612373
435,FP102,0.00023422108264380844
3019,GraphFP753,0.0002324901084832238
1785,ExtFP437,0.00023216821314997436
660,FP328,0.0002319319072608506
629,FP297,0.00023189272560802086
1704,ExtFP356,0.00023036564623470362
666,FP334,0.00023032524362997617
1937,ExtFP591,0.00023014711908798127
1535,ExtFP185,0.0002299317438374364
3433,AD2D714,0.00022985613577126214
913,FP583,0.0002298154603940259
633,FP301,0.0002295484801450949
1955,ExtFP609,0.00022892599147089518
2157,ExtFP813,0.00022808061922063896
2431,GraphFP90,0.00022711850640513755
1032,FP702,0.00022612889998464464
1918,ExtFP572,0.00022422598131278815
523,FP190,0.00022283788562648126
967,FP637,0.00022282254915711563
494,FP161,0.0002227764411844026
1106,FP778,0.000221572487878124
529,FP196,0.00022138352350251458
823,FP492,0.0002212556179857943
1672,ExtFP324,0.00022033517486694468
2548,GraphFP214,0.00021949595523910033
755,FP424,0.00021885867917810942
781,FP450,0.0002185829300776067
367,FP34,0.0002175433751240767
389,FP56,0.00021683234875404732
2904,GraphFP619,0.00021674682299590239
2656,GraphFP332,0.00021654581623460552
2062,ExtFP717,0.00021601597179043055
942,FP612,0.00021558637904641183
774,FP443,0.00021528011953583174
2921,GraphFP642,0.00021449403970226266
1722,ExtFP374,0.00021448448380481219
716,FP384,0.00021416853364688868
3324,AD2D408,0.00021337161158076277
283,nHBDon,0.000212629997873694
1563,ExtFP214,0.0002116846402217533
2863,GraphFP569,0.00021158426327741353
1582,ExtFP233,0.0002104952678696342
811,FP480,0.0002103465031987684
2767,GraphFP462,0.00021033683182900372
1765,ExtFP417,0.00021032145723952803
910,FP580,0.00020884465706034978
1681,ExtFP333,0.00020830147087634514
1304,FP977,0.00020679212130390485
683,FP351,0.00020677565115201124
2031,ExtFP685,0.00020591691275001023
1447,ExtFP97,0.00020548651691083876
2212,ExtFP869,0.00020481754735692575
754,FP423,0.0002048052080726219
1221,FP893,0.0002045300151517308
2078,ExtFP734,0.0002042584669091907
1088,FP760,0.00020408028473851967
2083,ExtFP739,0.00020310055738394591
2439,GraphFP99,0.0002030216428442625
2747,GraphFP436,0.00020239784982305827
2967,GraphFP695,0.00020205571526762608
1488,ExtFP138,0.00020191181821945835
750,FP419,0.00020177648211349127
1220,FP892,0.0002016486470683188
851,FP520,0.00020141882554672294
2720,GraphFP403,0.00020140493633725803
1024,FP694,0.0002003528015341836
443,FP110,0.0001999701195870482
1684,ExtFP336,0.00019955652653715642
1289,FP961,0.00019894598463777516
2216,ExtFP873,0.00019873484757601209
3399,AD2D630,0.00019859581123759758
1387,ExtFP36,0.00019853967758527474
2831,GraphFP533,0.00019785842405005573
1607,ExtFP258,0.00019739897365889371
2010,ExtFP664,0.00019736464969250417
1525,ExtFP175,0.00019717957851247386
1370,ExtFP19,0.0001970363255759216
1832,ExtFP484,0.0001967388618556827
3359,AD2D506,0.00019638998739116194
1662,ExtFP314,0.00019615107880696273
3316,AD2D392,0.00019574510083544234
2463,GraphFP123,0.00019514038830243524
1050,FP720,0.00019343932659083457
2799,GraphFP498,0.00019328748389829797
1886,ExtFP538,0.00019318856110356295
635,FP303,0.00019225525990346264
1875,ExtFP527,0.0001917646470514897
3070,GraphFP813,0.00019146264610028096
2581,GraphFP252,0.00019129812474467125
338,FP5,0.00019124445798126904
1867,ExtFP519,0.0001907909354845751
2861,GraphFP567,0.000189762683882873
2057,ExtFP712,0.00018924534361388197
1313,FP986,0.0001881820473193435
1595,ExtFP246,0.0001872672996333871
964,FP634,0.00018683603454068662
460,FP127,0.00018635305601718823
3404,AD2D639,0.00018605537145183733
1946,ExtFP600,0.00018596889382546962
1624,ExtFP275,0.00018594718408432369
2584,GraphFP255,0.00018536124545957065
2202,ExtFP859,0.00018515915782104237
412,FP79,0.00018477931078063288
2775,GraphFP471,0.0001842146499865296
407,FP74,0.00018374938645566795
1978,ExtFP632,0.00018239934832077492
2496,GraphFP158,0.0001815431264689901
3405,AD2D641,0.00018099229894410086
1250,FP922,0.0001809846467134785
1781,ExtFP433,0.0001805220695089698
1319,FP992,0.00018010098662032945
3198,GraphFP965,0.0001800815125616778
379,FP46,0.00017999197716053186
3352,AD2D496,0.00017914908237304738
1657,ExtFP309,0.00017884582800500173
2992,GraphFP721,0.0001786934604184972
1767,ExtFP419,0.000178337764459035
2709,GraphFP390,0.00017778065637020997
2198,ExtFP855,0.0001775236107628862
2152,ExtFP808,0.000177172166427557
1534,ExtFP184,0.00017706713469704572
2119,ExtFP775,0.00017681987844252165
3106,GraphFP856,0.0001768126843805337
613,FP281,0.00017654993903464685
2064,ExtFP719,0.00017560824216394873
339,FP6,0.000175403727401358
2511,GraphFP174,0.0001748329839674408
414,FP81,0.00017427385081516907
2535,GraphFP200,0.000174052103402067
863,FP532,0.0001737913905528832
1878,ExtFP530,0.00017356548899265267
1343,FP1016,0.0001733376291875126
1305,FP978,0.00017325402801597823
2162,ExtFP818,0.00017287267101198195
726,FP395,0.00017272265629134114
775,FP444,0.00017272061510370903
1727,ExtFP379,0.000172384732347485
2779,GraphFP476,0.00017191611049287604
2756,GraphFP448,0.00017157691753464933
1396,ExtFP45,0.0001715165687946704
1702,ExtFP354,0.00017137999693304506
2934,GraphFP658,0.00017134602556771985
1558,ExtFP209,0.0001711848772447755
944,FP614,0.0001711790884395375
585,FP252,0.00017088106102570124
3427,AD2D703,0.0001708183306680081
1567,ExtFP218,0.00017074483223542464
1479,ExtFP129,0.0001702264111268967
2932,GraphFP655,0.00016983317818556164
820,FP489,0.00016946758488126622
3301,AD2D330,0.00016942237614012118
2360,GraphFP15,0.00016905083200208337
2176,ExtFP832,0.00016846409212862586
2136,ExtFP792,0.0001684506416217958
993,FP663,0.00016835579122440332
2421,GraphFP80,0.0001678046460509002
1780,ExtFP432,0.00016778186769752495
2964,GraphFP691,0.00016755795984175543
3387,AD2D583,0.00016694864667230039
1402,ExtFP51,0.00016675588329921918
1351,FP1024,0.00016638008635687284
3334,AD2D426,0.00016591667255352625
903,FP572,0.00016542002743632936
2218,ExtFP875,0.0001652568508013667
3358,AD2D505,0.0001649479301877103
2788,GraphFP486,0.00016477998511680775
1492,ExtFP142,0.0001647430243034063
1724,ExtFP376,0.0001643025421997683
297,nAtomLAC,0.000164297761838217
3044,GraphFP780,0.0001640130217569356
564,FP231,0.00016381756681103723
2710,GraphFP391,0.00016368699557252616
518,FP185,0.00016355330737484374
1332,FP1005,0.00016293239752221582
949,FP619,0.00016292908610689096
1584,ExtFP235,0.00016275798128177654
1974,ExtFP628,0.00016247814625472166
2250,ExtFP908,0.00016176981421926168
899,FP568,0.00016101908201572764
799,FP468,0.00016089456055186745
2022,ExtFP676,0.00016063228713449166
1930,ExtFP584,0.00016037732788794345
242,VCH-5,0.00016027794888981797
2200,ExtFP857,0.00015994230551615515
2108,ExtFP764,0.0001598721112195331
2587,GraphFP259,0.00015930824050352837
1838,ExtFP490,0.00015924992967166534
1680,ExtFP332,0.00015901417450230474
1105,FP777,0.00015896102193796896
455,FP122,0.00015850434406987246
1160,FP832,0.00015840368275746582
1110,FP782,0.00015813488083534172
1712,ExtFP364,0.00015782530555761645
3140,GraphFP898,0.0001573496855706967
902,FP571,0.0001569152088790895
759,FP428,0.00015653790066802502
1330,FP1003,0.00015627239428362373
2864,GraphFP572,0.0001553687279183636
1578,ExtFP229,0.0001553243448996992
2563,GraphFP229,0.00015462694479321073
1439,ExtFP89,0.00015446340874035369
305,MDEC-44,0.00015427157076517567
1868,ExtFP520,0.00015417131093820675
373,FP40,0.00015341245495301224
2499,GraphFP162,0.00015276040875946944
2595,GraphFP267,0.00015247419753149105
2073,ExtFP728,0.00015244319002709474
1200,FP872,0.0001520712335535204
2260,ExtFP918,0.00015184200873086625
1356,ExtFP5,0.00015169783998084457
3272,AD2D234,0.00015158329961838428
1325,FP998,0.00015116835033746252
2039,ExtFP693,0.00015096554079931663
363,FP30,0.00015035374489494698
1380,ExtFP29,0.00015015657393880962
1906,ExtFP559,0.00014997330097723486
1107,FP779,0.0001494655386585089
1361,ExtFP10,0.00014899661069455624
2538,GraphFP203,0.00014885618341495981
2598,GraphFP270,0.00014882130491151335
1151,FP823,0.00014877931315890845
2611,GraphFP284,0.00014831373404007987
1140,FP812,0.00014806693697383332
2972,GraphFP700,0.0001478652485448378
854,FP523,0.00014738602878133368
1801,ExtFP453,0.00014639906696134705
2740,GraphFP427,0.0001462825342313833
1936,ExtFP590,0.00014610354913475662
712,FP380,0.0001459194786566199
2241,ExtFP898,0.0001452404085212694
2654,GraphFP330,0.00014470565019182775
2294,ExtFP953,0.00014419752924701347
2247,ExtFP904,0.0001439892116087042
1248,FP920,0.00014351439188485727
1451,ExtFP101,0.00014343560449982717
3288,AD2D276,0.00014310914395298827
1802,ExtFP454,0.00014288536752950646
702,FP370,0.00014248911246415527
872,FP541,0.00014238886560127457
3001,GraphFP730,0.00014231925760580438
2954,GraphFP680,0.00014208228673231473
411,FP78,0.00014169058577178634
3197,GraphFP964,0.00014165437789984923
1129,FP801,0.00014121639056002957
1728,ExtFP380,0.00014093626836532986
1126,FP798,0.00014046051467552151
885,FP554,0.00014010565029402847
894,FP563,0.0001398828050288015
2365,GraphFP20,0.00013972517013461253
3437,AD2D719,0.00013945396639360123
1123,FP795,0.00013926871927735543
1911,ExtFP565,0.00013883398444331988
2249,ExtFP906,0.00013866229106642352
1871,ExtFP523,0.00013836284784108656
3174,GraphFP939,0.00013813571231363102
3379,AD2D569,0.00013761959109612695
3295,AD2D320,0.00013748798934906485
2918,GraphFP638,0.00013730080776920328
2144,ExtFP800,0.00013699861830908055
1242,FP914,0.00013696618082837666
263,ETA_dAlpha_A,0.0001366978402626014
987,FP657,0.00013657445448174904
2523,GraphFP187,0.00013638854268115507
2582,GraphFP253,0.00013636038675253397
1180,FP852,0.00013578319292555904
2047,ExtFP701,0.00013514091654492867
630,FP298,0.00013513494737031712
1060,FP730,0.00013481287202478278
914,FP584,0.00013443104656647663
1960,ExtFP614,0.00013416907925034146
2942,GraphFP667,0.00013381591389365372
2052,ExtFP707,0.00013377828886593123
1984,ExtFP638,0.00013309907961964938
3185,GraphFP952,0.00013288455962266274
893,FP562,0.00013250256981630788
354,FP21,0.0001318656983789291
2213,ExtFP870,0.00013179090185037973
3002,GraphFP731,0.00013163557272628446
1477,ExtFP127,0.0001309433931745359
2296,ExtFP955,0.00013065618911461518
855,FP524,0.00013056029996325925
403,FP70,0.00013053650085888632
2726,GraphFP409,0.00013052372614850584
1975,ExtFP629,0.0001304676130657776
1749,ExtFP401,0.00013024932924478717
2971,GraphFP699,0.0001293834837189925
1377,ExtFP26,0.00012933660590855797
552,FP219,0.00012917012583427595
2506,GraphFP169,0.00012893638586424324
805,FP474,0.000128218416095778
1779,ExtFP431,0.00012800883462524417
3369,AD2D552,0.0001279526284784806
1227,FP899,0.0001277673430167402
1760,ExtFP412,0.00012705757996797068
1818,ExtFP470,0.00012667943342916497
2915,GraphFP635,0.00012563376911862843
2334,ExtFP993,0.00012559083735267938
916,FP586,0.0001254762188470767
724,FP393,0.00012518217639722313
515,FP182,0.00012512820985708842
821,FP490,0.00012490999017043719
1473,ExtFP123,0.0001247678663513708
1125,FP797,0.00012452033731164217
2286,ExtFP944,0.0001242001512307667
3237,GraphFP1016,0.00012391888662758078
2493,GraphFP155,0.0001237391904141584
1122,FP794,0.00012284574682238432
1952,ExtFP606,0.00012271562286637636
1306,FP979,0.00012264003492771434
2846,GraphFP550,0.00012206576891339075
2280,ExtFP938,0.00012202902090645927
2599,GraphFP271,0.00012185784998303306
3286,AD2D272,0.00012154589052172096
1794,ExtFP446,0.00012122805823316249
2314,ExtFP973,0.00012111180854029587
2315,ExtFP974,0.00012106440375799952
2878,GraphFP589,0.0001209472764717411
3307,AD2D340,0.00012044376522746927
2072,ExtFP727,0.00011991806817278004
458,FP125,0.00011966772200053936
2128,ExtFP784,0.0001196331045149795
2429,GraphFP88,0.00011883240818548421
2835,GraphFP537,0.00011792886661983614
2714,GraphFP397,0.00011746421661374667
2786,GraphFP484,0.00011736013219833675
2516,GraphFP179,0.00011694675017470458
3278,AD2D257,0.00011661339126160356
428,FP95,0.000115602476582893
1999,ExtFP653,0.00011543182478354086
504,FP171,0.0001153903615830098
2037,ExtFP691,0.00011511044327503193
3247,AD2D12,0.000114878029242289
1419,ExtFP69,0.00011487087293760042
2338,ExtFP997,0.00011454229651175157
2622,GraphFP296,0.00011440263508031815
3129,GraphFP886,0.00011425410165280086
3010,GraphFP740,0.00011399959270048429
1190,FP862,0.00011384879052547028
558,FP225,0.00011300430102350531
1459,ExtFP109,0.00011276130790953068
2444,GraphFP104,0.00011264535818779285
880,FP549,0.0001125225387870579
922,FP592,0.0001124935024506085
450,FP117,0.00011245567955009592
1756,ExtFP408,0.00011208354031559987
1410,ExtFP60,0.0001120234540295249
1036,FP706,0.00011140473753389948
3147,GraphFP906,0.00011134530324838823
2730,GraphFP414,0.00011095759022135283
361,FP28,0.00011095759022135282
1787,ExtFP439,0.00011092492612403229
3226,GraphFP1001,0.00011088257793022607
2973,GraphFP701,0.0001106795994664078
1222,FP894,0.00011064698898127364
2638,GraphFP313,0.00011011749399763562
1740,ExtFP392,0.0001099329836620768
1076,FP748,0.00010984297073795963
2621,GraphFP295,0.00010980551132649883
2170,ExtFP826,0.00010967206498472974
663,FP331,0.00010858159516463212
2974,GraphFP702,0.0001085279070207042
1637,ExtFP288,0.00010838455315754195
1163,FP835,0.00010831324170538187
2818,GraphFP518,0.00010712751618954635
1005,FP675,0.00010711024857054578
1605,ExtFP256,0.00010686850559917529
1659,ExtFP311,0.0001063052893341564
1425,ExtFP75,0.00010614341465945516
2085,ExtFP741,0.00010604505257182053
3335,AD2D427,0.00010591728909658571
1152,FP824,0.00010580452439881482
2871,GraphFP581,0.00010576351734988283
3371,AD2D558,0.00010495298075240258
2735,GraphFP421,0.00010484903279436878
3045,GraphFP781,0.00010468136512322736
3121,GraphFP877,0.00010458043363379846
2277,ExtFP935,0.00010427674379389588
1848,ExtFP500,0.00010411793412608474
2607,GraphFP279,0.00010381843226816857
2185,ExtFP841,0.00010359293750400041
1694,ExtFP346,0.00010334377748098842
1028,FP698,0.00010322063559489321
703,FP371,0.00010316476010098702
3407,AD2D643,0.00010286498273059961
476,FP143,0.00010270495260274472
1982,ExtFP636,0.00010262145758320382
1342,FP1015,0.00010235689560405468
1299,FP971,0.00010215833911399088
3432,AD2D711,0.00010202077267073366
1033,FP703,0.00010187399569584533
1529,ExtFP179,0.00010173793555049278
2089,ExtFP745,0.00010156121382463328
3329,AD2D417,0.00010128974673158374
606,FP274,0.00010110925673831893
579,FP246,0.00010093678392136831
3067,GraphFP809,0.00010042298605710476
923,FP593,0.00010023582992996468
1744,ExtFP396,0.0001000535299795315
3345,AD2D486,9.998090834972172e-05
837,FP506,9.993670812498665e-05
1598,ExtFP249,9.985339803355088e-05
3154,GraphFP913,9.978358310944868e-05
3246,AD2D8,9.910628870566396e-05
2830,GraphFP532,9.889810608990254e-05
608,FP276,9.887307515367984e-05
1742,ExtFP394,9.876909258815985e-05
1942,ExtFP596,9.849564809321847e-05
2287,ExtFP945,9.7858481107551e-05
1405,ExtFP55,9.783263470733943e-05
604,FP272,9.76630425414453e-05
416,FP83,9.74465152229767e-05
2217,ExtFP874,9.740389187688378e-05
957,FP627,9.721813040401952e-05
657,FP325,9.66935439629922e-05
425,FP92,9.667807686788167e-05
3014,GraphFP747,9.667588597454117e-05
1323,FP996,9.662248572846286e-05
1576,ExtFP227,9.652922610352049e-05
595,FP263,9.637350810334727e-05
846,FP515,9.626142520313697e-05
2452,GraphFP112,9.619113218644533e-05
386,FP53,9.615885742581761e-05
1593,ExtFP244,9.61105654384423e-05
999,FP669,9.58467713858735e-05
3232,GraphFP1011,9.550049527687865e-05
2082,ExtFP738,9.531282131890958e-05
1340,FP1013,9.501334507155577e-05
1354,ExtFP3,9.482796924006155e-05
732,FP401,9.482742517285626e-05
397,FP64,9.478899183594946e-05
1514,ExtFP164,9.466633763977603e-05
222,nBase,9.459133364866329e-05
2281,ExtFP939,9.45229926774821e-05
985,FP655,9.45229926774821e-05
2894,GraphFP607,9.384647022169614e-05
2160,ExtFP816,9.380386948071218e-05
2935,GraphFP659,9.374944134988608e-05
744,FP413,9.348506095364766e-05
2114,ExtFP770,9.327669271303353e-05
675,FP343,9.288775721144156e-05
2997,GraphFP726,9.280301359089421e-05
1072,FP744,9.275826845967782e-05
2002,ExtFP656,9.27582684596778e-05
1807,ExtFP459,9.268874162820438e-05
1788,ExtFP440,9.26477376219991e-05
2781,GraphFP478,9.256159541495937e-05
627,FP295,9.24011568251346e-05
2080,ExtFP736,9.227479595141561e-05
723,FP392,9.181262089147735e-05
687,FP355,9.175909580334781e-05
385,FP52,9.173859051945049e-05
1368,ExtFP17,9.167876019560021e-05
1265,FP937,9.165865956604324e-05
1851,ExtFP503,9.13933874872748e-05
2966,GraphFP694,9.124865227641775e-05
1353,ExtFP2,9.121308579840076e-05
2898,GraphFP611,9.110375508577429e-05
3063,GraphFP805,9.064451503818325e-05
2295,ExtFP954,9.060801959546044e-05
3279,AD2D258,9.034391710885767e-05
1490,ExtFP140,9.012279378317946e-05
1729,ExtFP381,8.993763067571094e-05
2310,ExtFP969,8.986637438640049e-05
1099,FP771,8.984856273749756e-05
2742,GraphFP429,8.959050904936759e-05
1610,ExtFP261,8.934558234468812e-05
3153,GraphFP912,8.916234928501564e-05
1422,ExtFP72,8.897720545693955e-05
2048,ExtFP702,8.896168660377006e-05
3445,AD2D730,8.891081892426048e-05
521,FP188,8.88610345015095e-05
1619,ExtFP270,8.88222368696894e-05
1364,ExtFP13,8.872449073387457e-05
526,FP193,8.868741099148265e-05
391,FP58,8.86725517957119e-05
1601,ExtFP252,8.863892924578447e-05
1625,ExtFP276,8.863599203798573e-05
1504,ExtFP154,8.855661610736648e-05
628,FP296,8.840675618899585e-05
362,FP29,8.838679039281174e-05
1320,FP993,8.823963976954221e-05
1732,ExtFP384,8.823186397712951e-05
1507,ExtFP157,8.815497006196832e-05
2636,GraphFP311,8.815396557469964e-05
879,FP548,8.794706372123927e-05
2675,GraphFP353,8.790458512022875e-05
422,FP89,8.788717791438206e-05
2362,GraphFP17,8.76590186434778e-05
1245,FP917,8.762802250654308e-05
2437,GraphFP96,8.755168719397194e-05
2450,GraphFP110,8.743525337373212e-05
2712,GraphFP394,8.739905930017491e-05
3372,AD2D559,8.73812293969362e-05
2263,ExtFP921,8.7286628595378e-05
1372,ExtFP21,8.727147368876097e-05
1959,ExtFP613,8.721752497367295e-05
3417,AD2D661,8.718852294512917e-05
1683,ExtFP335,8.71763367859629e-05
456,FP123,8.674193563845356e-05
3047,GraphFP783,8.658674917235293e-05
2291,ExtFP949,8.657355138697601e-05
2744,GraphFP431,8.652037022958338e-05
1612,ExtFP263,8.592999334316555e-05
1580,ExtFP231,8.586092793200539e-05
2785,GraphFP482,8.576404384026569e-05
1438,ExtFP88,8.5638481615506e-05
2996,GraphFP725,8.56232910412632e-05
3318,AD2D399,8.555936533457968e-05
2129,ExtFP785,8.551624158806525e-05
1617,ExtFP268,8.548137800350903e-05
2284,ExtFP942,8.546212128872658e-05
1315,FP988,8.526433245563637e-05
751,FP420,8.51266909805278e-05
2768,GraphFP463,8.507605385565447e-05
2252,ExtFP910,8.507494656861314e-05
1583,ExtFP234,8.504263988522735e-05
1986,ExtFP640,8.496467982585403e-05
2115,ExtFP771,8.485135407866268e-05
3160,GraphFP920,8.480279415507424e-05
2976,GraphFP704,8.431145208930582e-05
2068,ExtFP723,8.430550135668939e-05
2106,ExtFP762,8.424312246337707e-05
2373,GraphFP29,8.41186950491151e-05
2517,GraphFP180,8.406339017641713e-05
878,FP547,8.38292816073987e-05
2642,GraphFP317,8.363151586243754e-05
2404,GraphFP61,8.350467152210861e-05
1378,ExtFP27,8.329295856349037e-05
1522,ExtFP172,8.322424959126933e-05
1249,FP921,8.319004317843642e-05
3131,GraphFP888,8.316193344766958e-05
3339,AD2D469,8.314701638548579e-05
246,SC-6,8.31142698259439e-05
1112,FP784,8.296316016673987e-05
2372,GraphFP28,8.290879469126131e-05
1623,ExtFP274,8.277635061216572e-05
637,FP305,8.258551717060592e-05
345,FP12,8.238277575980919e-05
501,FP168,8.238071100942613e-05
2912,GraphFP631,8.2380484661522e-05
1828,ExtFP480,8.235413349487412e-05
847,FP516,8.221394739475177e-05
3020,GraphFP755,8.187112772281178e-05
1626,ExtFP277,8.186437197729733e-05
1269,FP941,8.18579819647689e-05
2349,GraphFP4,8.183962073408496e-05
975,FP645,8.16740386236077e-05
3209,GraphFP980,8.146401283749924e-05
896,FP565,8.143681911624205e-05
897,FP566,8.14033368561594e-05
2752,GraphFP443,8.135058784634484e-05
2196,ExtFP853,8.132408864417948e-05
670,FP338,8.131310376368387e-05
2353,GraphFP8,8.122367529605991e-05
669,FP337,8.118987813275129e-05
3308,AD2D345,8.116270442529001e-05
489,FP156,8.116270442529001e-05
1494,ExtFP144,8.107532443767744e-05
1568,ExtFP219,8.096004495364612e-05
785,FP454,8.093899400573358e-05
1403,ExtFP52,8.071150415125279e-05
376,FP43,8.051926936448012e-05
2205,ExtFP862,7.982192825634033e-05
818,FP487,7.978950468655022e-05
1260,FP932,7.976956137047929e-05
508,FP175,7.973982394725967e-05
2328,ExtFP987,7.971949599405392e-05
3167,GraphFP929,7.951433578815427e-05
1908,ExtFP561,7.950614590226865e-05
2988,GraphFP716,7.930864108585749e-05
640,FP308,7.914511499462563e-05
3370,AD2D555,7.905579051217815e-05
1282,FP954,7.880942829039106e-05
1352,ExtFP1,7.870233604974683e-05
3112,GraphFP863,7.861657632669207e-05
1569,ExtFP220,7.826848358953179e-05
448,FP115,7.817778747245766e-05
943,FP613,7.80986316624168e-05
410,FP77,7.803687827343019e-05
684,FP352,7.795721217838135e-05
2098,ExtFP754,7.795721217838135e-05
938,FP608,7.791912768309139e-05
1406,ExtFP56,7.788981851417572e-05
1061,FP731,7.777890385627001e-05
741,FP410,7.77558083009111e-05
2539,GraphFP204,7.77558083009111e-05
2135,ExtFP791,7.769843631463426e-05
1270,FP942,7.733699400884898e-05
1253,FP925,7.725547742712043e-05
2141,ExtFP797,7.724561940101436e-05
3152,GraphFP911,7.723705770612123e-05
3298,AD2D326,7.713559880422227e-05
2215,ExtFP872,7.713559880422227e-05
2166,ExtFP822,7.71309156437804e-05
2794,GraphFP493,7.703857985245539e-05
2473,GraphFP134,7.70226873454844e-05
512,FP179,7.682174635748181e-05
2345,ExtFP1016,7.665346287037606e-05
1182,FP854,7.635645134155334e-05
1476,ExtFP126,7.632487677492709e-05
1335,FP1008,7.631739002855459e-05
2849,GraphFP553,7.5971089642204e-05
2717,GraphFP400,7.589919368364684e-05
240,SCH-5,7.558802872581106e-05
1776,ExtFP428,7.554650388919106e-05
3069,GraphFP812,7.544162339573709e-05
2465,GraphFP125,7.538026147117705e-05
8,nCl,7.525028748708631e-05
3041,GraphFP777,7.521289175414191e-05
605,FP273,7.487103886059277e-05
1865,ExtFP517,7.44652965330433e-05
1475,ExtFP125,7.423452158705165e-05
1738,ExtFP390,7.39217186201507e-05
2881,GraphFP593,7.377343760203889e-05
568,FP235,7.37189545222625e-05
2240,ExtFP897,7.370304030627382e-05
1669,ExtFP321,7.362937371982582e-05
2592,GraphFP264,7.345551364643037e-05
1836,ExtFP488,7.327101692920418e-05
487,FP154,7.325324681890849e-05
3132,GraphFP889,7.315865895535521e-05
1954,ExtFP608,7.304643398276099e-05
793,FP462,7.276607795704846e-05
2441,GraphFP101,7.266708512417752e-05
1201,FP873,7.247397237254955e-05
3218,GraphFP991,7.236955809617704e-05
1142,FP814,7.209876462350674e-05
1538,ExtFP189,7.202006913161e-05
1689,ExtFP341,7.200614721499497e-05
803,FP472,7.185366994919888e-05
1545,ExtFP196,7.174369888056339e-05
1748,ExtFP400,7.172621401038204e-05
2209,ExtFP866,7.163132548013516e-05
926,FP596,7.155553131204178e-05
2885,GraphFP598,7.099209284433945e-05
2678,GraphFP356,7.090330922994602e-05
641,FP309,7.061333833154549e-05
974,FP644,7.013385917117659e-05
1258,FP930,6.989606896720036e-05
544,FP211,6.989606896720036e-05
1263,FP935,6.974292911799192e-05
388,FP55,6.956870134475836e-05
2702,GraphFP382,6.951655622115329e-05
3017,GraphFP750,6.950383616672958e-05
3142,GraphFP901,6.937701726320718e-05
1135,FP807,6.900008401709261e-05
2235,ExtFP892,6.898029217680473e-05
2808,GraphFP508,6.865040388460164e-05
1382,ExtFP31,6.860378086190383e-05
1855,ExtFP507,6.814773206603654e-05
1517,ExtFP167,6.808399856424378e-05
303,MDEC-24,6.798990646434278e-05
594,FP262,6.796379917890692e-05
3442,AD2D726,6.783172285959962e-05
2243,ExtFP900,6.781431606299487e-05
477,FP144,6.769577606586367e-05
2132,ExtFP788,6.76341869422862e-05
2402,GraphFP59,6.757893664835187e-05
5,nS,6.74659499410194e-05
1421,ExtFP71,6.74659499410194e-05
1920,ExtFP574,6.729362128967596e-05
2922,GraphFP643,6.723582973066886e-05
1392,ExtFP41,6.72268413439488e-05
570,FP237,6.714168230607603e-05
3089,GraphFP837,6.713232663125394e-05
1970,ExtFP624,6.708331060503917e-05
1644,ExtFP296,6.69662495631892e-05
2696,GraphFP374,6.688914443296562e-05
1195,FP867,6.688914443296562e-05
777,FP446,6.659190164580103e-05
1371,ExtFP20,6.645901927946608e-05
3040,GraphFP776,6.643956241033387e-05
2232,ExtFP889,6.63454988104647e-05
1501,ExtFP151,6.633398776427733e-05
3380,AD2D570,6.633276911696017e-05
760,FP429,6.631415121965217e-05
877,FP546,6.625590604262699e-05
248,VC-4,6.6191342934803e-05
1083,FP755,6.618949558087129e-05
1720,ExtFP372,6.616896193302319e-05
1940,ExtFP594,6.605394257277345e-05
3297,AD2D325,6.590622060784734e-05
2970,GraphFP698,6.588330679589928e-05
1131,FP803,6.575941329693925e-05
2503,GraphFP166,6.57304044866658e-05
3227,GraphFP1002,6.564438891235276e-05
1713,ExtFP365,6.55623689877903e-05
624,FP292,6.503073189452516e-05
651,FP319,6.493260640257616e-05
1645,ExtFP297,6.492914864533726e-05
1664,ExtFP316,6.485989914729339e-05
890,FP559,6.46699016331556e-05
1909,ExtFP562,6.459718673832397e-05
745,FP414,6.459718673832397e-05
3149,GraphFP908,6.423740036163579e-05
963,FP633,6.417428346875796e-05
2842,GraphFP546,6.414203619570073e-05
1503,ExtFP153,6.407775239782284e-05
1845,ExtFP497,6.359377854499181e-05
2759,GraphFP451,6.336301398063347e-05
1127,FP799,6.32535762658286e-05
497,FP164,6.311098418888215e-05
1209,FP881,6.302516375995201e-05
1615,ExtFP266,6.264320174890915e-05
1287,FP959,6.22927867948014e-05
1104,FP776,6.22927867948014e-05
1852,ExtFP504,6.205850364509459e-05
1154,FP826,6.204299217703942e-05
1889,ExtFP541,6.203754185014841e-05
510,FP177,6.176560012115558e-05
1562,ExtFP213,6.160143218345891e-05
1842,ExtFP494,6.135025322721322e-05
1700,ExtFP352,6.121292803869198e-05
3192,GraphFP959,6.104967038737168e-05
937,FP607,6.078514537854647e-05
1837,ExtFP489,6.017402316965659e-05
1298,FP970,5.963628280947585e-05
1119,FP791,5.9629609426701494e-05
3179,GraphFP946,5.9565498767080036e-05
1925,ExtFP579,5.9564028550443925e-05
1367,ExtFP16,5.922572898525381e-05
997,FP667,5.91681175004042e-05
1649,ExtFP301,5.896243224501902e-05
1132,FP804,5.888003269356081e-05
1073,FP745,5.8863182657540035e-05
1285,FP957,5.885858465258846e-05
1044,FP714,5.8524399489779985e-05
589,FP257,5.846790913378602e-05
3068,GraphFP810,5.806941738427341e-05
2357,GraphFP12,5.80523114591566e-05
1302,FP975,5.7563319036105576e-05
1991,ExtFP645,5.7499980518605e-05
1056,FP726,5.7305060384108115e-05
931,FP601,5.7108043460819175e-05
898,FP567,5.7108043460819175e-05
3228,GraphFP1005,5.6322679093896426e-05
1526,ExtFP176,5.630871522705362e-05
733,FP402,5.630871522705362e-05
2261,ExtFP919,5.6134615470686265e-05
1093,FP765,5.558904010904003e-05
934,FP604,5.53314362663272e-05
833,FP502,5.4921485368979815e-05
479,FP146,5.4921485368979815e-05
1303,FP976,5.476751406658944e-05
1939,ExtFP593,5.476751406658944e-05
2930,GraphFP653,5.448444752746162e-05
2381,GraphFP38,5.44654898364823e-05
1705,ExtFP357,5.44654898364823e-05
534,FP201,5.428485029148866e-05
1992,ExtFP646,5.424685956460901e-05
2313,ExtFP972,5.404101313955321e-05
1187,FP859,5.360279708487621e-05
1062,FP732,5.3299369477875486e-05
517,FP184,5.318335754747067e-05
2036,ExtFP690,5.31516499282671e-05
2865,GraphFP574,5.312200815591203e-05
2951,GraphFP677,5.306719021142187e-05
1985,ExtFP639,5.296790401888152e-05
1642,ExtFP294,5.2539618860260726e-05
3224,GraphFP999,5.2168066135831884e-05
2207,ExtFP864,5.1724050094285235e-05
737,FP406,5.1532371366487665e-05
1116,FP788,5.135331394897533e-05
1386,ExtFP35,5.1278774431252076e-05
956,FP626,5.119210395712516e-05
2401,GraphFP58,5.110038500576591e-05
2780,GraphFP477,5.100653084233993e-05
2893,GraphFP606,5.0775139345986526e-05
2122,ExtFP778,5.07600670976483e-05
2591,GraphFP263,5.0684202486263906e-05
1384,ExtFP33,5.060194822914619e-05
1948,ExtFP602,5.0488787351105736e-05
2203,ExtFP860,5.0429737256063024e-05
3199,GraphFP967,5.0259645829536884e-05
865,FP534,5.021149302855233e-05
1523,ExtFP173,5.01318404762258e-05
2650,GraphFP326,4.954045692958009e-05
1962,ExtFP616,4.931364606025309e-05
2223,ExtFP880,4.928114574676715e-05
2556,GraphFP222,4.870468615053853e-05
1004,FP674,4.8697622655174e-05
1038,FP708,4.8644080683241145e-05
2151,ExtFP807,4.852752518742124e-05
2388,GraphFP45,4.844789005374299e-05
1544,ExtFP195,4.831606465061789e-05
3050,GraphFP787,4.820162596802559e-05
2258,ExtFP916,4.820162596802559e-05
578,FP245,4.790244663279925e-05
1241,FP913,4.790244663279925e-05
3235,GraphFP1014,4.790244663279925e-05
1497,ExtFP147,4.7781795926653695e-05
1707,ExtFP359,4.7703047984329435e-05
2041,ExtFP695,4.7662488761965205e-05
3321,AD2D404,4.7130611248635106e-05
469,FP136,4.7112663419485673e-05
1217,FP889,4.710512883037376e-05
924,FP594,4.6819519591824e-05
2266,ExtFP924,4.671959009610105e-05
2728,GraphFP411,4.6543877733820946e-05
1489,ExtFP139,4.653224413277958e-05
1097,FP769,4.606531872786738e-05
2231,ExtFP888,4.598686145120316e-05
860,FP529,4.598261587369359e-05
688,FP356,4.591658265237338e-05
1739,ExtFP391,4.590969602901899e-05
977,FP647,4.590969602901899e-05
3216,GraphFP989,4.572206952829232e-05
2074,ExtFP730,4.56966937436374e-05
344,FP11,4.5398901651812e-05
3441,AD2D725,4.5387908197068586e-05
2011,ExtFP665,4.504574509901019e-05
1336,FP1009,4.503395902308064e-05
1409,ExtFP59,4.4595492578532104e-05
2417,GraphFP75,4.4490465193622646e-05
3349,AD2D492,4.4319464622892244e-05
2469,GraphFP129,4.4230353458273285e-05
3343,AD2D483,4.4127960937495015e-05
2787,GraphFP485,4.404181766015964e-05
413,FP80,4.380143963170042e-05
620,FP288,4.373851839396604e-05
2823,GraphFP523,4.340632644745863e-05
1790,ExtFP442,4.328677569348802e-05
2177,ExtFP833,4.3250968827042606e-05
971,FP641,4.2880084276942104e-05
2666,GraphFP342,4.277941921301746e-05
2468,GraphFP128,4.261978660338036e-05
1830,ExtFP482,4.239362353936381e-05
664,FP332,4.232019211931887e-05
2024,ExtFP678,4.2266875696158204e-05
2046,ExtFP700,4.220667152915092e-05
540,FP207,4.157350819274292e-05
1557,ExtFP208,4.138817530608282e-05
1965,ExtFP619,4.0919810367042485e-05
1873,ExtFP525,4.021947321316512e-05
399,FP66,4.012213069269487e-05
3136,GraphFP893,3.9984607025682726e-05
1311,FP984,3.985970761535138e-05
2956,GraphFP682,3.981725821578592e-05
661,FP329,3.937159253945705e-05
795,FP464,3.928601348447461e-05
371,FP38,3.916859463740351e-05
2288,ExtFP946,3.893336874791847e-05
2565,GraphFP232,3.8436573853928416e-05
867,FP536,3.816243838746357e-05
2355,GraphFP10,3.7714580144879346e-05
2449,GraphFP109,3.559387194250458e-05
1100,FP772,3.556987694124243e-05
607,FP275,3.54740937760163e-05
2983,GraphFP711,3.5339307111962626e-05
936,FP606,3.523924627221572e-05
2462,GraphFP122,3.52100497646095e-05
2391,GraphFP48,3.512209544448691e-05
2292,ExtFP951,3.5042058878265566e-05
1172,FP844,3.453743504567388e-05
238,C4SP3,3.449731300376459e-05
1300,FP973,3.4478437337108684e-05
2567,GraphFP235,3.446625872866896e-05
2424,GraphFP83,3.424869519797799e-05
2351,GraphFP6,3.419983631852161e-05
3208,GraphFP979,3.4066304629845894e-05
2572,GraphFP241,3.38240676956715e-05
2342,ExtFP1012,3.2776107148634575e-05
2028,ExtFP682,3.2472224238031243e-05
2753,GraphFP444,3.247095921923998e-05
1338,FP1011,3.243695525028413e-05
3420,AD2D666,3.2208443395241876e-05
735,FP404,3.214531374034292e-05
3327,AD2D414,3.21132065725368e-05
1899,ExtFP552,3.0552557861578406e-05
715,FP383,3.0417550077196873e-05
1718,ExtFP370,3.0410521491758324e-05
335,FP2,3.0249031873245337e-05
582,FP249,3.0017731326585544e-05
1011,FP681,2.9755037420990845e-05
930,FP600,2.9239750049264355e-05
3217,GraphFP990,2.8791973737920942e-05
566,FP233,2.874069507851307e-05
1383,ExtFP32,2.8719420149154302e-05
2316,ExtFP975,2.8694883881880668e-05
792,FP461,2.8623324250830183e-05
432,FP99,2.8038695429811015e-05
2840,GraphFP543,2.791934647966773e-05
1547,ExtFP198,2.732098289620865e-05
2706,GraphFP386,2.7269310587973254e-05
2175,ExtFP831,2.693348398507366e-05
1203,FP875,2.6530814301203634e-05
757,FP426,2.626192372197213e-05
3367,AD2D549,2.5907929261134192e-05
2137,ExtFP793,2.5472136880580576e-05
917,FP587,2.5334700113819293e-05
1128,FP800,2.532818814174616e-05
2366,GraphFP21,2.4770228464790047e-05
869,FP538,2.4174717768942995e-05
2723,GraphFP406,2.4120459102039506e-05
2063,ExtFP718,2.4072755819426075e-05
3348,AD2D491,2.405082731777184e-05
1682,ExtFP334,2.34664173707894e-05
1775,ExtFP427,2.3461044372272547e-05
778,FP447,2.336606706925388e-05
809,FP478,2.3198264189612787e-05
1293,FP965,2.3111526694882823e-05
1786,ExtFP438,2.268694082477123e-05
600,FP268,2.243384431348435e-05
2461,GraphFP121,2.2311931430250274e-05
3294,AD2D314,2.22330440921068e-05
2190,ExtFP846,2.1869060117441736e-05
3230,GraphFP1009,2.1861845778165758e-05
844,FP513,2.1807205348184762e-05
935,FP605,2.171882350898302e-05
2276,ExtFP934,2.1662299508809793e-05
836,FP505,2.158500750370411e-05
486,FP153,2.150547542004992e-05
337,FP4,2.0904822235536603e-05
1223,FP895,2.0878028511667368e-05
574,FP241,2.0816611681418656e-05
1933,ExtFP587,2.0616045278709425e-05
1792,ExtFP444,2.0216548675323953e-05
1294,FP966,2.013407525632727e-05
1333,FP1006,2.0006922034051592e-05
2524,GraphFP188,1.965933845629719e-05
3383,AD2D574,1.960474675872689e-05
2412,GraphFP70,1.9111297842594704e-05
2228,ExtFP885,1.8850674574541623e-05
3122,GraphFP878,1.8841833214333403e-05
3148,GraphFP907,1.869241013553244e-05
1715,ExtFP367,1.8343619007626156e-05
2544,GraphFP209,1.827370965458041e-05
1861,ExtFP513,1.7758362865189924e-05
1184,FP856,1.7744347888179003e-05
1627,ExtFP278,1.7681355477522854e-05
2798,GraphFP497,1.7489408011054872e-05
1017,FP687,1.6739170630720863e-05
2677,GraphFP355,1.623315160064405e-05
2501,GraphFP164,1.5520847562800553e-05
1887,ExtFP539,1.5195078427641778e-05
1826,ExtFP478,1.5050008061958681e-05
1923,ExtFP577,1.4625640318715554e-05
1589,ExtFP240,1.4295293175150094e-05
408,FP75,1.4265066828149737e-05
2447,GraphFP107,1.4151545902030124e-05
3099,GraphFP849,1.4120924253013393e-05
2797,GraphFP496,1.4091872138254132e-05
340,FP7,1.395585064953353e-05
3038,GraphFP774,1.3675071228025809e-05
2225,ExtFP882,1.3489832334288927e-05
2880,GraphFP591,1.3313294523928267e-05
790,FP459,1.3105512931350067e-05
584,FP251,1.2937472050063277e-05
998,FP668,1.2932887997505844e-05
3415,AD2D657,1.2691361934324756e-05
1734,ExtFP386,1.2327657856410477e-05
364,FP31,1.1833309535415405e-05
1443,ExtFP93,1.1554538845662018e-05
2685,GraphFP363,1.135564295327035e-05
3137,GraphFP894,1.1344312457275848e-05
753,FP422,1.118580274389616e-05
3256,AD2D170,1.097222675595332e-05
2917,GraphFP637,1.0931951791672752e-05
1521,ExtFP171,1.076619778972068e-05
2764,GraphFP458,1.0517258427901585e-05
1053,FP723,1.0495218891971155e-05
1484,ExtFP134,1.04521883447191e-05
2947,GraphFP672,1.0320928526995849e-05
1827,ExtFP479,1.0299823517643796e-05
2757,GraphFP449,1.0093827047290975e-05
2470,GraphFP130,9.896741428949687e-06
2125,ExtFP781,9.852769125583377e-06
2237,ExtFP894,9.571928358663856e-06
1391,ExtFP40,9.420977575906575e-06
3447,AD2D735,9.296658237807943e-06
901,FP570,9.132732914604402e-06
237,C3SP3,9.084619245032938e-06
2698,GraphFP376,8.943825761238422e-06
2305,ExtFP964,8.806834623020481e-06
758,FP427,8.403085604143578e-06
2133,ExtFP789,8.35298582749706e-06
611,FP279,8.132408864417952e-06
3087,GraphFP834,8.130973340837788e-06
2059,ExtFP714,8.02876369025673e-06
1973,ExtFP627,7.97515187141346e-06
817,FP486,7.930389350387116e-06
1528,ExtFP178,7.916420829447702e-06
3242,GraphFP1021,7.652998386780992e-06
2148,ExtFP804,7.627822653844631e-06
1075,FP747,7.614405794775959e-06
1717,ExtFP369,7.334590667101866e-06
2547,GraphFP213,7.221140491370853e-06
2745,GraphFP432,7.121747177734657e-06
2671,GraphFP347,7.103168671307374e-06
3203,GraphFP973,6.726021166106365e-06
631,FP299,6.3539912997055585e-06
2104,ExtFP760,6.236713548326062e-06
382,FP49,5.942024851054258e-06
1509,ExtFP159,5.831216684156979e-06
1450,ExtFP100,5.60670936184573e-06
829,FP498,5.5850861527554685e-06
2084,ExtFP740,5.528090878532986e-06
1676,ExtFP328,5.503848721297253e-06
390,FP57,5.346590641349903e-06
459,FP126,5.237335424361402e-06
418,FP85,4.917690043724674e-06
1618,ExtFP269,4.869945480193195e-06
2251,ExtFP909,4.740025364787361e-06
978,FP648,4.7112663419485506e-06
838,FP507,4.684850142729038e-06
2719,GraphFP402,4.657147126456662e-06
2484,GraphFP145,4.223683540521988e-06
3341,AD2D481,3.936258085174545e-06
2919,GraphFP639,3.907710623907808e-06
1427,ExtFP77,3.7111397528627625e-06
3434,AD2D715,3.6832578980414647e-06
575,FP242,3.6270430809824013e-06
2164,ExtFP820,3.539708710316919e-06
2285,ExtFP943,3.3411943309988435e-06
1199,FP871,3.3185596784456727e-06
762,FP431,3.0168437496882497e-06
941,FP611,2.9644244582621774e-06
2549,GraphFP215,2.928773248108219e-06
1518,ExtFP168,2.580912825570778e-06
3008,GraphFP738,2.463850212010626e-06
1575,ExtFP226,2.3249892254001197e-06
1213,FP885,2.212587886815612e-06
2961,GraphFP687,2.1818605741935197e-06
989,FP659,2.0823005981568402e-06
1622,ExtFP273,1.945897010712476e-06
2989,GraphFP717,1.8087445845438556e-06
2858,GraphFP564,1.7290020135732343e-06
3304,AD2D336,1.5842841492282466e-06
831,FP500,1.562365146592017e-06
2876,GraphFP586,1.2223609493517053e-06
1903,ExtFP556,5.783336284206506e-07
2004,ExtFP658,1.3196425613597206e-07
2206,ExtFP863,8.958141888824079e-08
2870,GraphFP580,0.0
2815,GraphFP515,0.0
2804,GraphFP503,0.0
2803,GraphFP502,0.0
561,FP228,0.0
2860,GraphFP566,0.0
2859,GraphFP565,0.0
2857,GraphFP562,0.0
565,FP232,0.0
2869,GraphFP579,0.0
2820,GraphFP520,0.0
562,FP229,0.0
2814,GraphFP514,0.0
2821,GraphFP521,0.0
2822,GraphFP522,0.0
2855,GraphFP559,0.0
2854,GraphFP558,0.0
2853,GraphFP557,0.0
2872,GraphFP582,0.0
2817,GraphFP517,0.0
563,FP230,0.0
2856,GraphFP560,0.0
598,FP266,0.0
597,FP265,0.0
596,FP264,0.0
2825,GraphFP526,0.0
616,FP284,0.0
615,FP283,0.0
614,FP282,0.0
612,FP280,0.0
609,FP277,0.0
2839,GraphFP541,0.0
2813,GraphFP513,0.0
2838,GraphFP540,0.0
2837,GraphFP539,0.0
567,FP234,0.0
2832,GraphFP534,0.0
2829,GraphFP530,0.0
2826,GraphFP527,0.0
2800,GraphFP499,0.0
2801,GraphFP500,0.0
2852,GraphFP556,0.0
2851,GraphFP555,0.0
2802,GraphFP501,0.0
2850,GraphFP554,0.0
2847,GraphFP551,0.0
2845,GraphFP549,0.0
2841,GraphFP545,0.0
2843,GraphFP547,0.0
2833,GraphFP535,0.0
2868,GraphFP578,0.0
2867,GraphFP576,0.0
2866,GraphFP575,0.0
2805,GraphFP504,0.0
2862,GraphFP568,0.0
2883,GraphFP595,0.0
2882,GraphFP594,0.0
2806,GraphFP505,0.0
2879,GraphFP590,0.0
2875,GraphFP585,0.0
2807,GraphFP507,0.0
2874,GraphFP584,0.0
2873,GraphFP583,0.0
599,FP267,0.0
2891,GraphFP604,0.0
2809,GraphFP509,0.0
2890,GraphFP603,0.0
2810,GraphFP510,0.0
2889,GraphFP602,0.0
2888,GraphFP601,0.0
2887,GraphFP600,0.0
2884,GraphFP597,0.0
2792,GraphFP490,0.0
603,FP271,0.0
2795,GraphFP494,0.0
2796,GraphFP495,0.0
602,FP270,0.0
2892,GraphFP605,0.0
2649,GraphFP325,0.0
2648,GraphFP324,0.0
2647,GraphFP323,0.0
2646,GraphFP322,0.0
2663,GraphFP339,0.0
2662,GraphFP338,0.0
2661,GraphFP337,0.0
2660,GraphFP336,0.0
2659,GraphFP335,0.0
2658,GraphFP334,0.0
2657,GraphFP333,0.0
619,FP287,0.0
693,FP361,0.0
691,FP359,0.0
690,FP358,0.0
689,FP357,0.0
686,FP354,0.0
681,FP349,0.0
2600,GraphFP272,0.0
709,FP377,0.0
707,FP375,0.0
705,FP373,0.0
704,FP372,0.0
700,FP368,0.0
2655,GraphFP331,0.0
2695,GraphFP373,0.0
2694,GraphFP372,0.0
2693,GraphFP371,0.0
2692,GraphFP370,0.0
2691,GraphFP369,0.0
2690,GraphFP368,0.0
2632,GraphFP307,0.0
2630,GraphFP305,0.0
2629,GraphFP303,0.0
2628,GraphFP302,0.0
2627,GraphFP301,0.0
2651,GraphFP327,0.0
2625,GraphFP299,0.0
2623,GraphFP297,0.0
2645,GraphFP320,0.0
2644,GraphFP319,0.0
2643,GraphFP318,0.0
2640,GraphFP315,0.0
2639,GraphFP314,0.0
2637,GraphFP312,0.0
2635,GraphFP310,0.0
2633,GraphFP308,0.0
2653,GraphFP329,0.0
2652,GraphFP328,0.0
2626,GraphFP300,0.0
742,FP411,0.0
740,FP409,0.0
739,FP408,0.0
736,FP405,0.0
734,FP403,0.0
2579,GraphFP250,0.0
2578,GraphFP248,0.0
2577,GraphFP246,0.0
2573,GraphFP242,0.0
2571,GraphFP240,0.0
2570,GraphFP238,0.0
699,FP367,0.0
2596,GraphFP268,0.0
2594,GraphFP266,0.0
2590,GraphFP262,0.0
2589,GraphFP261,0.0
2585,GraphFP256,0.0
2583,GraphFP254,0.0
2580,GraphFP251,0.0
2543,GraphFP208,0.0
2542,GraphFP207,0.0
2541,GraphFP206,0.0
2537,GraphFP202,0.0
2536,GraphFP201,0.0
2569,GraphFP237,0.0
695,FP363,0.0
694,FP362,0.0
2609,GraphFP281,0.0
2608,GraphFP280,0.0
2604,GraphFP276,0.0
2603,GraphFP275,0.0
2602,GraphFP274,0.0
2601,GraphFP273,0.0
711,FP379,0.0
710,FP378,0.0
2620,GraphFP293,0.0
2619,GraphFP292,0.0
743,FP412,0.0
2617,GraphFP290,0.0
2614,GraphFP287,0.0
2613,GraphFP286,0.0
2612,GraphFP285,0.0
2610,GraphFP283,0.0
731,FP400,0.0
730,FP399,0.0
729,FP398,0.0
728,FP397,0.0
727,FP396,0.0
722,FP390,0.0
721,FP389,0.0
2618,GraphFP291,0.0
2769,GraphFP464,0.0
2766,GraphFP460,0.0
2791,GraphFP489,0.0
2790,GraphFP488,0.0
2784,GraphFP481,0.0
2782,GraphFP479,0.0
2778,GraphFP475,0.0
2776,GraphFP472,0.0
2731,GraphFP416,0.0
2727,GraphFP410,0.0
2725,GraphFP408,0.0
650,FP318,0.0
2722,GraphFP405,0.0
2721,GraphFP404,0.0
2746,GraphFP435,0.0
2741,GraphFP428,0.0
2739,GraphFP426,0.0
2737,GraphFP424,0.0
2736,GraphFP423,0.0
2734,GraphFP420,0.0
2732,GraphFP417,0.0
2760,GraphFP452,0.0
2758,GraphFP450,0.0
2755,GraphFP447,0.0
2724,GraphFP407,0.0
593,FP261,0.0
592,FP260,0.0
591,FP259,0.0
590,FP258,0.0
588,FP256,0.0
586,FP253,0.0
2824,GraphFP524,0.0
639,FP307,0.0
636,FP304,0.0
634,FP302,0.0
632,FP300,0.0
626,FP294,0.0
2770,GraphFP465,0.0
2762,GraphFP454,0.0
648,FP316,0.0
647,FP315,0.0
646,FP314,0.0
645,FP313,0.0
644,FP312,0.0
643,FP311,0.0
642,FP310,0.0
2774,GraphFP470,0.0
2773,GraphFP469,0.0
2772,GraphFP468,0.0
2771,GraphFP466,0.0
625,FP293,0.0
2715,GraphFP398,0.0
2713,GraphFP395,0.0
2711,GraphFP393,0.0
2708,GraphFP389,0.0
2707,GraphFP387,0.0
2670,GraphFP346,0.0
2669,GraphFP345,0.0
2668,GraphFP344,0.0
2667,GraphFP343,0.0
2665,GraphFP341,0.0
2664,GraphFP340,0.0
2751,GraphFP442,0.0
2679,GraphFP357,0.0
2676,GraphFP354,0.0
2674,GraphFP352,0.0
2673,GraphFP351,0.0
2672,GraphFP349,0.0
2689,GraphFP367,0.0
2688,GraphFP366,0.0
2687,GraphFP365,0.0
2686,GraphFP364,0.0
2684,GraphFP362,0.0
2683,GraphFP361,0.0
2682,GraphFP360,0.0
2680,GraphFP358,0.0
2748,GraphFP437,0.0
623,FP291,0.0
622,FP290,0.0
621,FP289,0.0
618,FP286,0.0
617,FP285,0.0
662,FP330,0.0
659,FP327,0.0
658,FP326,0.0
655,FP323,0.0
652,FP320,0.0
680,FP348,0.0
2718,GraphFP401,0.0
677,FP345,0.0
676,FP344,0.0
674,FP342,0.0
673,FP341,0.0
672,FP340,0.0
671,FP339,0.0
2704,GraphFP384,0.0
2703,GraphFP383,0.0
2701,GraphFP381,0.0
2700,GraphFP380,0.0
2699,GraphFP377,0.0
2697,GraphFP375,0.0
678,FP346,0.0
3249,AD2D25,0.0
3269,AD2D214,0.0
3268,AD2D213,0.0
3267,AD2D208,0.0
3266,AD2D207,0.0
3265,AD2D189,0.0
3264,AD2D184,0.0
3263,AD2D183,0.0
3262,AD2D181,0.0
398,FP65,0.0
396,FP63,0.0
395,FP62,0.0
2995,GraphFP724,0.0
393,FP60,0.0
3271,AD2D219,0.0
3270,AD2D215,0.0
3206,GraphFP977,0.0
3205,GraphFP976,0.0
3204,GraphFP975,0.0
3202,GraphFP972,0.0
3201,GraphFP969,0.0
3200,GraphFP968,0.0
3215,GraphFP987,0.0
3214,GraphFP986,0.0
3213,GraphFP985,0.0
3212,GraphFP984,0.0
394,FP61,0.0
3283,AD2D263,0.0
3282,AD2D262,0.0
3281,AD2D261,0.0
3280,AD2D259,0.0
3277,AD2D253,0.0
3276,AD2D251,0.0
3275,AD2D249,0.0
3274,AD2D248,0.0
3296,AD2D324,0.0
3293,AD2D313,0.0
3291,AD2D292,0.0
3290,AD2D286,0.0
3287,AD2D273,0.0
3250,AD2D92,0.0
3284,AD2D267,0.0
3248,AD2D15,0.0
3245,GraphFP1024,0.0
3244,GraphFP1023,0.0
3243,GraphFP1022,0.0
3241,GraphFP1020,0.0
3239,GraphFP1018,0.0
3238,GraphFP1017,0.0
3260,AD2D174,0.0
3258,AD2D172,0.0
3255,AD2D169,0.0
3254,AD2D129,0.0
3253,AD2D105,0.0
3285,AD2D271,0.0
3183,GraphFP950,0.0
3182,GraphFP949,0.0
3181,GraphFP948,0.0
3180,GraphFP947,0.0
3178,GraphFP945,0.0
3196,GraphFP963,0.0
3195,GraphFP962,0.0
3194,GraphFP961,0.0
3193,GraphFP960,0.0
3190,GraphFP957,0.0
3189,GraphFP956,0.0
3188,GraphFP955,0.0
3210,GraphFP981,0.0
3141,GraphFP899,0.0
3139,GraphFP896,0.0
3138,GraphFP895,0.0
3135,GraphFP892,0.0
3158,GraphFP917,0.0
3157,GraphFP916,0.0
3156,GraphFP915,0.0
3155,GraphFP914,0.0
3151,GraphFP910,0.0
3150,GraphFP909,0.0
3169,GraphFP931,0.0
3168,GraphFP930,0.0
3166,GraphFP927,0.0
3145,GraphFP904,0.0
3207,GraphFP978,0.0
3223,GraphFP998,0.0
3222,GraphFP996,0.0
3221,GraphFP995,0.0
3220,GraphFP993,0.0
3219,GraphFP992,0.0
3234,GraphFP1013,0.0
3231,GraphFP1010,0.0
3229,GraphFP1007,0.0
3225,GraphFP1000,0.0
444,FP111,0.0
442,FP109,0.0
441,FP108,0.0
3186,GraphFP953,0.0
439,FP106,0.0
437,FP104,0.0
434,FP101,0.0
433,FP100,0.0
3177,GraphFP944,0.0
454,FP121,0.0
453,FP120,0.0
452,FP119,0.0
449,FP116,0.0
447,FP114,0.0
446,FP113,0.0
445,FP112,0.0
3187,GraphFP954,0.0
440,FP107,0.0
350,FP17,0.0
349,FP16,0.0
347,FP14,0.0
346,FP13,0.0
343,FP10,0.0
270,ETA_dPsi_B,0.0
360,FP27,0.0
359,FP26,0.0
358,FP25,0.0
357,FP24,0.0
355,FP22,0.0
353,FP20,0.0
415,FP82,0.0
3374,AD2D561,0.0
3373,AD2D560,0.0
231,C2SP1,0.0
230,nBondsT,0.0
3403,AD2D638,0.0
3386,AD2D582,0.0
3384,AD2D575,0.0
3381,AD2D571,0.0
3378,AD2D566,0.0
3377,AD2D565,0.0
3340,AD2D470,0.0
3338,AD2D441,0.0
3337,AD2D432,0.0
3375,AD2D563,0.0
3396,AD2D626,0.0
3395,AD2D625,0.0
3394,AD2D604,0.0
3393,AD2D603,0.0
3392,AD2D598,0.0
3391,AD2D597,0.0
3390,AD2D588,0.0
3438,AD2D720,0.0
6,nP,0.0
3436,AD2D717,0.0
3435,AD2D716,0.0
7,nF,0.0
3400,AD2D631,0.0
351,FP18,0.0
3446,AD2D731,0.0
4,nO,0.0
3443,AD2D727,0.0
3440,AD2D722,0.0
3439,AD2D721,0.0
3408,AD2D644,0.0
3453,AD2D754,0.0
3452,AD2D753,0.0
3451,AD2D744,0.0
3450,AD2D740,0.0
3449,AD2D739,0.0
3448,AD2D738,0.0
3409,AD2D647,0.0
3398,AD2D628,0.0
375,FP42,0.0
3315,AD2D391,0.0
3314,AD2D370,0.0
3313,AD2D363,0.0
3312,AD2D354,0.0
3311,AD2D350,0.0
3310,AD2D349,0.0
3309,AD2D348,0.0
392,FP59,0.0
3330,AD2D418,0.0
3328,AD2D415,0.0
3326,AD2D413,0.0
3322,AD2D405,0.0
3336,AD2D428,0.0
3317,AD2D398,0.0
409,FP76,0.0
406,FP73,0.0
405,FP72,0.0
404,FP71,0.0
402,FP69,0.0
401,FP68,0.0
400,FP67,0.0
3273,AD2D247,0.0
424,FP91,0.0
423,FP90,0.0
419,FP86,0.0
417,FP84,0.0
3320,AD2D403,0.0
3333,AD2D424,0.0
3332,AD2D423,0.0
3331,AD2D419,0.0
3353,AD2D497,0.0
3350,AD2D493,0.0
3346,AD2D487,0.0
3344,AD2D485,0.0
3342,AD2D482,0.0
3365,AD2D547,0.0
3364,AD2D531,0.0
3363,AD2D526,0.0
3362,AD2D520,0.0
3361,AD2D519,0.0
378,FP45,0.0
3356,AD2D502,0.0
3354,AD2D498,0.0
341,FP8,0.0
336,FP3,0.0
334,FP1,0.0
3368,AD2D550,0.0
372,FP39,0.0
369,FP36,0.0
366,FP33,0.0
3299,AD2D327,0.0
387,FP54,0.0
384,FP51,0.0
381,FP48,0.0
3357,AD2D504,0.0
2991,GraphFP720,0.0
2990,GraphFP719,0.0
3013,GraphFP746,0.0
3012,GraphFP744,0.0
3011,GraphFP741,0.0
3009,GraphFP739,0.0
3007,GraphFP736,0.0
3006,GraphFP735,0.0
3005,GraphFP734,0.0
2957,GraphFP683,0.0
2955,GraphFP681,0.0
2953,GraphFP679,0.0
3164,GraphFP925,0.0
2950,GraphFP675,0.0
2949,GraphFP674,0.0
2969,GraphFP697,0.0
2968,GraphFP696,0.0
2965,GraphFP692,0.0
2962,GraphFP688,0.0
2960,GraphFP686,0.0
2959,GraphFP685,0.0
2958,GraphFP684,0.0
2984,GraphFP712,0.0
2982,GraphFP710,0.0
2981,GraphFP709,0.0
2978,GraphFP706,0.0
2952,GraphFP678,0.0
520,FP187,0.0
3035,GraphFP771,0.0
3034,GraphFP770,0.0
3033,GraphFP769,0.0
3032,GraphFP768,0.0
3031,GraphFP767,0.0
3030,GraphFP766,0.0
3029,GraphFP765,0.0
3028,GraphFP764,0.0
543,FP210,0.0
542,FP209,0.0
539,FP206,0.0
538,FP205,0.0
2993,GraphFP722,0.0
535,FP202,0.0
2987,GraphFP715,0.0
2986,GraphFP714,0.0
551,FP218,0.0
550,FP217,0.0
547,FP214,0.0
546,FP213,0.0
545,FP212,0.0
3003,GraphFP732,0.0
3000,GraphFP729,0.0
2999,GraphFP728,0.0
2998,GraphFP727,0.0
2533,GraphFP198,0.0
536,FP203,0.0
2944,GraphFP669,0.0
2943,GraphFP668,0.0
2941,GraphFP666,0.0
2940,GraphFP664,0.0
2902,GraphFP616,0.0
2901,GraphFP614,0.0
2900,GraphFP613,0.0
2899,GraphFP612,0.0
2897,GraphFP610,0.0
2896,GraphFP609,0.0
2895,GraphFP608,0.0
2911,GraphFP630,0.0
2977,GraphFP705,0.0
2909,GraphFP626,0.0
2908,GraphFP625,0.0
2907,GraphFP623,0.0
2906,GraphFP621,0.0
2905,GraphFP620,0.0
2903,GraphFP617,0.0
557,FP224,0.0
555,FP222,0.0
553,FP220,0.0
2920,GraphFP640,0.0
2916,GraphFP636,0.0
2914,GraphFP633,0.0
572,FP239,0.0
2910,GraphFP627,0.0
2975,GraphFP703,0.0
533,FP200,0.0
532,FP199,0.0
531,FP198,0.0
530,FP197,0.0
527,FP194,0.0
525,FP192,0.0
522,FP189,0.0
581,FP248,0.0
580,FP247,0.0
577,FP244,0.0
576,FP243,0.0
573,FP240,0.0
2945,GraphFP670,0.0
2926,GraphFP648,0.0
2924,GraphFP645,0.0
2923,GraphFP644,0.0
583,FP250,0.0
2939,GraphFP663,0.0
2938,GraphFP662,0.0
2937,GraphFP661,0.0
2936,GraphFP660,0.0
2933,GraphFP656,0.0
2931,GraphFP654,0.0
2928,GraphFP651,0.0
2948,GraphFP673,0.0
2946,GraphFP671,0.0
2927,GraphFP650,0.0
3116,GraphFP872,0.0
3134,GraphFP891,0.0
3133,GraphFP890,0.0
3130,GraphFP887,0.0
3128,GraphFP885,0.0
3127,GraphFP884,0.0
3126,GraphFP883,0.0
3125,GraphFP882,0.0
3093,GraphFP842,0.0
3091,GraphFP839,0.0
3090,GraphFP838,0.0
3088,GraphFP836,0.0
3018,GraphFP751,0.0
3084,GraphFP830,0.0
3102,GraphFP852,0.0
3100,GraphFP850,0.0
3098,GraphFP848,0.0
3097,GraphFP847,0.0
3096,GraphFP845,0.0
3095,GraphFP844,0.0
3094,GraphFP843,0.0
457,FP124,0.0
3111,GraphFP862,0.0
3110,GraphFP861,0.0
3109,GraphFP859,0.0
3108,GraphFP858,0.0
3085,GraphFP832,0.0
3163,GraphFP924,0.0
3162,GraphFP923,0.0
3161,GraphFP921,0.0
3159,GraphFP919,0.0
429,FP96,0.0
3176,GraphFP943,0.0
3175,GraphFP942,0.0
3173,GraphFP938,0.0
3172,GraphFP937,0.0
3171,GraphFP934,0.0
3170,GraphFP933,0.0
474,FP141,0.0
473,FP140,0.0
3117,GraphFP873,0.0
471,FP138,0.0
470,FP137,0.0
3115,GraphFP871,0.0
3114,GraphFP867,0.0
3113,GraphFP864,0.0
485,FP152,0.0
483,FP150,0.0
482,FP149,0.0
3124,GraphFP880,0.0
3123,GraphFP879,0.0
3120,GraphFP876,0.0
3119,GraphFP875,0.0
3118,GraphFP874,0.0
472,FP139,0.0
3060,GraphFP801,0.0
3083,GraphFP829,0.0
3082,GraphFP828,0.0
3081,GraphFP827,0.0
3080,GraphFP826,0.0
3079,GraphFP825,0.0
3078,GraphFP824,0.0
3076,GraphFP822,0.0
3074,GraphFP818,0.0
498,FP165,0.0
496,FP163,0.0
495,FP162,0.0
492,FP159,0.0
3107,GraphFP857,0.0
3016,GraphFP749,0.0
3015,GraphFP748,0.0
516,FP183,0.0
513,FP180,0.0
511,FP178,0.0
507,FP174,0.0
503,FP170,0.0
499,FP166,0.0
3027,GraphFP763,0.0
3026,GraphFP762,0.0
3023,GraphFP759,0.0
3022,GraphFP758,0.0
3021,GraphFP757,0.0
490,FP157,0.0
3105,GraphFP855,0.0
3104,GraphFP854,0.0
468,FP135,0.0
467,FP134,0.0
465,FP132,0.0
464,FP131,0.0
463,FP130,0.0
462,FP129,0.0
461,FP128,0.0
3048,GraphFP785,0.0
3046,GraphFP782,0.0
3043,GraphFP779,0.0
3042,GraphFP778,0.0
3061,GraphFP802,0.0
3036,GraphFP772,0.0
3059,GraphFP800,0.0
3058,GraphFP798,0.0
3057,GraphFP797,0.0
3056,GraphFP796,0.0
3053,GraphFP793,0.0
3052,GraphFP792,0.0
3051,GraphFP788,0.0
3071,GraphFP815,0.0
3066,GraphFP808,0.0
3065,GraphFP807,0.0
3064,GraphFP806,0.0
3062,GraphFP803,0.0
3039,GraphFP775,0.0
1820,ExtFP472,0.0
1819,ExtFP471,0.0
1817,ExtFP469,0.0
1815,ExtFP467,0.0
1814,ExtFP466,0.0
1811,ExtFP463,0.0
1810,ExtFP462,0.0
1211,FP883,0.0
1210,FP882,0.0
1207,FP879,0.0
1205,FP877,0.0
1204,FP876,0.0
2420,GraphFP79,0.0
1224,FP896,0.0
1219,FP891,0.0
1218,FP890,0.0
1214,FP886,0.0
1212,FP884,0.0
1784,ExtFP436,0.0
1783,ExtFP435,0.0
1777,ExtFP429,0.0
1774,ExtFP426,0.0
1773,ExtFP425,0.0
1772,ExtFP424,0.0
1771,ExtFP423,0.0
1797,ExtFP449,0.0
1202,FP874,0.0
1862,ExtFP514,0.0
1860,ExtFP512,0.0
1859,ExtFP511,0.0
1858,ExtFP510,0.0
1857,ExtFP509,0.0
1173,FP845,0.0
1170,FP842,0.0
1169,FP841,0.0
1167,FP839,0.0
1164,FP836,0.0
1162,FP834,0.0
1161,FP833,0.0
1822,ExtFP474,0.0
1183,FP855,0.0
1181,FP853,0.0
1179,FP851,0.0
1177,FP849,0.0
1175,FP847,0.0
1174,FP846,0.0
1809,ExtFP461,0.0
1805,ExtFP457,0.0
1804,ExtFP456,0.0
1803,ExtFP455,0.0
1191,FP863,0.0
1188,FP860,0.0
1186,FP858,0.0
1185,FP857,0.0
1229,FP901,0.0
1228,FP900,0.0
1226,FP898,0.0
1225,FP897,0.0
1701,ExtFP353,0.0
1699,ExtFP351,0.0
1240,FP912,0.0
1239,FP911,0.0
1236,FP908,0.0
1235,FP907,0.0
1234,FP906,0.0
1233,FP905,0.0
1796,ExtFP448,0.0
1231,FP903,0.0
1255,FP927,0.0
1252,FP924,0.0
1251,FP923,0.0
1246,FP918,0.0
1244,FP916,0.0
1243,FP915,0.0
1714,ExtFP366,0.0
1711,ExtFP363,0.0
1710,ExtFP362,0.0
1708,ExtFP360,0.0
1706,ExtFP358,0.0
1267,FP939,0.0
1232,FP904,0.0
1795,ExtFP447,0.0
1793,ExtFP445,0.0
1789,ExtFP441,0.0
1736,ExtFP388,0.0
1733,ExtFP385,0.0
1731,ExtFP383,0.0
1726,ExtFP378,0.0
1750,ExtFP402,0.0
1747,ExtFP399,0.0
1746,ExtFP398,0.0
1743,ExtFP395,0.0
1741,ExtFP393,0.0
1230,FP902,0.0
1762,ExtFP414,0.0
1761,ExtFP413,0.0
1759,ExtFP411,0.0
1758,ExtFP410,0.0
1757,ExtFP409,0.0
1755,ExtFP407,0.0
1754,ExtFP406,0.0
1751,ExtFP403,0.0
1198,FP870,0.0
1196,FP868,0.0
1768,ExtFP420,0.0
1764,ExtFP416,0.0
1763,ExtFP415,0.0
1737,ExtFP389,0.0
1917,ExtFP571,0.0
1938,ExtFP592,0.0
1935,ExtFP589,0.0
1934,ExtFP588,0.0
1932,ExtFP586,0.0
1931,ExtFP585,0.0
1929,ExtFP583,0.0
1928,ExtFP582,0.0
1949,ExtFP603,0.0
1947,ExtFP601,0.0
1945,ExtFP599,0.0
1943,ExtFP597,0.0
1864,ExtFP516,0.0
1070,FP740,0.0
1069,FP739,0.0
1068,FP738,0.0
1957,ExtFP611,0.0
1953,ExtFP607,0.0
1950,ExtFP604,0.0
1102,FP774,0.0
1098,FP770,0.0
1895,ExtFP548,0.0
1894,ExtFP547,0.0
1893,ExtFP546,0.0
1892,ExtFP545,0.0
1115,FP787,0.0
1941,ExtFP595,0.0
1085,FP757,0.0
1082,FP754,0.0
1080,FP752,0.0
1079,FP751,0.0
1077,FP749,0.0
1961,ExtFP615,0.0
1095,FP767,0.0
1094,FP766,0.0
1092,FP764,0.0
1091,FP763,0.0
1090,FP762,0.0
1087,FP759,0.0
1919,ExtFP573,0.0
1969,ExtFP623,0.0
1967,ExtFP621,0.0
1964,ExtFP618,0.0
1963,ExtFP617,0.0
1983,ExtFP637,0.0
1981,ExtFP635,0.0
1980,ExtFP634,0.0
1979,ExtFP633,0.0
1977,ExtFP631,0.0
1972,ExtFP626,0.0
1926,ExtFP580,0.0
1922,ExtFP576,0.0
1921,ExtFP575,0.0
1971,ExtFP625,0.0
1866,ExtFP518,0.0
1159,FP831,0.0
1158,FP830,0.0
1157,FP829,0.0
1156,FP828,0.0
1891,ExtFP544,0.0
1890,ExtFP543,0.0
1883,ExtFP535,0.0
1881,ExtFP533,0.0
1880,ExtFP532,0.0
1879,ExtFP531,0.0
1831,ExtFP483,0.0
1114,FP786,0.0
1825,ExtFP477,0.0
1824,ExtFP476,0.0
1823,ExtFP475,0.0
1843,ExtFP495,0.0
1840,ExtFP492,0.0
1839,ExtFP491,0.0
1834,ExtFP486,0.0
1856,ExtFP508,0.0
1854,ExtFP506,0.0
1850,ExtFP502,0.0
1849,ExtFP501,0.0
1847,ExtFP499,0.0
1846,ExtFP498,0.0
1829,ExtFP481,0.0
1113,FP785,0.0
1111,FP783,0.0
1108,FP780,0.0
1103,FP775,0.0
1124,FP796,0.0
1121,FP793,0.0
1120,FP792,0.0
1117,FP789,0.0
1916,ExtFP570,0.0
1915,ExtFP569,0.0
1907,ExtFP560,0.0
1904,ExtFP557,0.0
1902,ExtFP555,0.0
1874,ExtFP526,0.0
1138,FP810,0.0
1137,FP809,0.0
1136,FP808,0.0
1134,FP806,0.0
1133,FP805,0.0
1155,FP827,0.0
1153,FP825,0.0
1149,FP821,0.0
1147,FP819,0.0
1146,FP818,0.0
1144,FP816,0.0
1143,FP815,0.0
1876,ExtFP528,0.0
1901,ExtFP554,0.0
1515,ExtFP165,0.0
1416,ExtFP66,0.0
1415,ExtFP65,0.0
1539,ExtFP190,0.0
1537,ExtFP187,0.0
1536,ExtFP186,0.0
1524,ExtFP174,0.0
1483,ExtFP133,0.0
1482,ExtFP132,0.0
1481,ExtFP131,0.0
1480,ExtFP130,0.0
1478,ExtFP128,0.0
1264,FP936,0.0
1472,ExtFP122,0.0
1496,ExtFP146,0.0
1495,ExtFP145,0.0
1491,ExtFP141,0.0
1487,ExtFP137,0.0
1486,ExtFP136,0.0
1485,ExtFP135,0.0
1510,ExtFP160,0.0
1508,ExtFP158,0.0
1506,ExtFP156,0.0
1502,ExtFP152,0.0
1498,ExtFP148,0.0
1390,ExtFP39,0.0
1474,ExtFP124,0.0
1551,ExtFP202,0.0
1550,ExtFP201,0.0
1549,ExtFP200,0.0
1548,ExtFP199,0.0
1546,ExtFP197,0.0
1561,ExtFP212,0.0
1560,ExtFP211,0.0
1559,ExtFP210,0.0
1556,ExtFP207,0.0
1554,ExtFP205,0.0
1552,ExtFP203,0.0
1401,ExtFP50,0.0
1519,ExtFP169,0.0
1399,ExtFP48,0.0
1398,ExtFP47,0.0
1397,ExtFP46,0.0
1394,ExtFP43,0.0
1393,ExtFP42,0.0
1414,ExtFP64,0.0
1413,ExtFP63,0.0
1412,ExtFP62,0.0
1411,ExtFP61,0.0
1408,ExtFP58,0.0
1407,ExtFP57,0.0
1404,ExtFP53,0.0
1520,ExtFP170,0.0
1400,ExtFP49,0.0
1466,ExtFP116,0.0
1465,ExtFP115,0.0
1464,ExtFP114,0.0
1462,ExtFP112,0.0
1460,ExtFP110,0.0
3401,AD2D636,0.0
9,nBr,0.0
3454,AD2D759,0.0
1426,ExtFP76,0.0
3389,AD2D585,0.0
3397,AD2D627,0.0
1471,ExtFP121,0.0
1389,ExtFP38,0.0
3429,AD2D705,0.0
3428,AD2D704,0.0
3426,AD2D702,0.0
3425,AD2D687,0.0
3424,AD2D682,0.0
3423,AD2D681,0.0
3422,AD2D676,0.0
3421,AD2D675,0.0
3419,AD2D663,0.0
3418,AD2D662,0.0
3416,AD2D660,0.0
3414,AD2D653,0.0
3413,AD2D652,0.0
352,FP19,0.0
1388,ExtFP37,0.0
1385,ExtFP34,0.0
1512,ExtFP162,0.0
1511,ExtFP161,0.0
3406,AD2D642,0.0
1424,ExtFP74,0.0
1423,ExtFP73,0.0
1420,ExtFP70,0.0
1418,ExtFP68,0.0
1417,ExtFP67,0.0
3430,AD2D706,0.0
1445,ExtFP95,0.0
1467,ExtFP117,0.0
1435,ExtFP85,0.0
1434,ExtFP84,0.0
1431,ExtFP81,0.0
1430,ExtFP80,0.0
1458,ExtFP108,0.0
1457,ExtFP107,0.0
1455,ExtFP105,0.0
1453,ExtFP103,0.0
1452,ExtFP102,0.0
1448,ExtFP98,0.0
1446,ExtFP96,0.0
3410,AD2D648,0.0
1470,ExtFP120,0.0
1444,ExtFP94,0.0
1641,ExtFP292,0.0
1318,FP991,0.0
1317,FP990,0.0
1316,FP989,0.0
1314,FP987,0.0
1312,FP985,0.0
1652,ExtFP304,0.0
1650,ExtFP302,0.0
1648,ExtFP300,0.0
1647,ExtFP299,0.0
1643,ExtFP295,0.0
1665,ExtFP317,0.0
1373,ExtFP22,0.0
1661,ExtFP313,0.0
1660,ExtFP312,0.0
1658,ExtFP310,0.0
1656,ExtFP308,0.0
1655,ExtFP307,0.0
1608,ExtFP259,0.0
1606,ExtFP257,0.0
1603,ExtFP254,0.0
1602,ExtFP253,0.0
1600,ExtFP251,0.0
1599,ExtFP250,0.0
1597,ExtFP248,0.0
1594,ExtFP245,0.0
1663,ExtFP315,0.0
1259,FP931,0.0
1257,FP929,0.0
1668,ExtFP320,0.0
1666,ExtFP318,0.0
1286,FP958,0.0
1281,FP953,0.0
1280,FP952,0.0
1277,FP949,0.0
1272,FP944,0.0
1271,FP943,0.0
1268,FP940,0.0
1679,ExtFP331,0.0
1307,FP980,0.0
1675,ExtFP327,0.0
1674,ExtFP326,0.0
1673,ExtFP325,0.0
1288,FP960,0.0
1698,ExtFP350,0.0
1693,ExtFP345,0.0
1692,ExtFP344,0.0
1690,ExtFP342,0.0
1686,ExtFP338,0.0
1685,ExtFP337,0.0
1310,FP983,0.0
1309,FP982,0.0
1308,FP981,0.0
1677,ExtFP329,0.0
1322,FP995,0.0
1350,FP1023,0.0
1349,FP1022,0.0
1348,FP1021,0.0
1347,FP1020,0.0
1346,FP1019,0.0
1345,FP1018,0.0
1341,FP1014,0.0
1339,FP1012,0.0
1592,ExtFP243,0.0
1590,ExtFP241,0.0
1586,ExtFP237,0.0
1621,ExtFP272,0.0
1581,ExtFP232,0.0
1579,ExtFP230,0.0
1577,ExtFP228,0.0
1369,ExtFP18,0.0
1365,ExtFP14,0.0
1360,ExtFP9,0.0
1357,ExtFP6,0.0
1355,ExtFP4,0.0
1541,ExtFP192,0.0
1379,ExtFP28,0.0
1376,ExtFP25,0.0
1375,ExtFP24,0.0
1374,ExtFP23,0.0
1585,ExtFP236,0.0
1620,ExtFP271,0.0
1616,ExtFP267,0.0
1613,ExtFP264,0.0
1611,ExtFP262,0.0
1609,ExtFP260,0.0
1633,ExtFP284,0.0
1632,ExtFP283,0.0
1631,ExtFP282,0.0
1630,ExtFP281,0.0
1629,ExtFP280,0.0
1628,ExtFP279,0.0
1295,FP967,0.0
1292,FP964,0.0
1324,FP997,0.0
1290,FP962,0.0
1636,ExtFP287,0.0
1635,ExtFP286,0.0
1321,FP994,0.0
1574,ExtFP225,0.0
1573,ExtFP224,0.0
1572,ExtFP223,0.0
1571,ExtFP222,0.0
1565,ExtFP216,0.0
1564,ExtFP215,0.0
1334,FP1007,0.0
1328,FP1001,0.0
1326,FP999,0.0
1291,FP963,0.0
2389,GraphFP46,0.0
2387,GraphFP44,0.0
2386,GraphFP43,0.0
2400,GraphFP57,0.0
2399,GraphFP56,0.0
2398,GraphFP55,0.0
2397,GraphFP54,0.0
2396,GraphFP53,0.0
2395,GraphFP52,0.0
830,FP499,0.0
827,FP496,0.0
826,FP495,0.0
1086,FP758,0.0
824,FP493,0.0
822,FP491,0.0
839,FP508,0.0
835,FP504,0.0
834,FP503,0.0
832,FP501,0.0
2354,GraphFP9,0.0
2352,GraphFP7,0.0
2350,GraphFP5,0.0
2348,GraphFP3,0.0
2347,GraphFP1,0.0
2346,ExtFP1017,0.0
840,FP509,0.0
825,FP494,0.0
2433,GraphFP92,0.0
2427,GraphFP86,0.0
2426,GraphFP85,0.0
2425,GraphFP84,0.0
786,FP455,0.0
784,FP453,0.0
783,FP452,0.0
782,FP451,0.0
780,FP449,0.0
779,FP448,0.0
2375,GraphFP31,0.0
2374,GraphFP30,0.0
2390,GraphFP47,0.0
2370,GraphFP25,0.0
2369,GraphFP24,0.0
2368,GraphFP23,0.0
2367,GraphFP22,0.0
2385,GraphFP42,0.0
2384,GraphFP41,0.0
2383,GraphFP40,0.0
2380,GraphFP37,0.0
2378,GraphFP35,0.0
2377,GraphFP34,0.0
2376,GraphFP33,0.0
2394,GraphFP51,0.0
2392,GraphFP49,0.0
2371,GraphFP27,0.0
813,FP482,0.0
812,FP481,0.0
2344,ExtFP1015,0.0
2343,ExtFP1013,0.0
2341,ExtFP1011,0.0
852,FP521,0.0
849,FP518,0.0
848,FP517,0.0
845,FP514,0.0
843,FP512,0.0
842,FP511,0.0
841,FP510,0.0
2364,GraphFP19,0.0
864,FP533,0.0
859,FP528,0.0
858,FP527,0.0
856,FP525,0.0
853,FP522,0.0
2283,ExtFP941,0.0
2282,ExtFP940,0.0
871,FP540,0.0
868,FP537,0.0
2304,ExtFP963,0.0
2303,ExtFP962,0.0
2299,ExtFP958,0.0
2297,ExtFP956,0.0
866,FP535,0.0
2363,GraphFP18,0.0
2361,GraphFP16,0.0
2359,GraphFP14,0.0
2358,GraphFP13,0.0
2356,GraphFP11,0.0
2317,ExtFP976,0.0
2312,ExtFP971,0.0
2309,ExtFP968,0.0
2307,ExtFP966,0.0
2306,ExtFP965,0.0
2329,ExtFP988,0.0
2326,ExtFP985,0.0
814,FP483,0.0
2323,ExtFP982,0.0
2322,ExtFP981,0.0
2321,ExtFP980,0.0
2319,ExtFP978,0.0
2318,ExtFP977,0.0
2340,ExtFP999,0.0
2339,ExtFP998,0.0
2337,ExtFP996,0.0
2336,ExtFP995,0.0
2335,ExtFP994,0.0
2333,ExtFP992,0.0
2332,ExtFP991,0.0
2331,ExtFP990,0.0
2325,ExtFP984,0.0
766,FP435,0.0
765,FP434,0.0
764,FP433,0.0
2518,GraphFP181,0.0
2515,GraphFP178,0.0
2514,GraphFP177,0.0
2513,GraphFP176,0.0
2509,GraphFP172,0.0
2508,GraphFP171,0.0
2507,GraphFP170,0.0
2505,GraphFP168,0.0
2528,GraphFP193,0.0
2434,GraphFP93,0.0
2526,GraphFP190,0.0
2525,GraphFP189,0.0
2522,GraphFP186,0.0
2521,GraphFP184,0.0
2519,GraphFP182,0.0
2475,GraphFP136,0.0
2472,GraphFP133,0.0
2471,GraphFP131,0.0
2467,GraphFP127,0.0
2464,GraphFP124,0.0
2485,GraphFP146,0.0
2482,GraphFP143,0.0
2481,GraphFP142,0.0
2527,GraphFP191,0.0
2532,GraphFP197,0.0
2530,GraphFP195,0.0
2553,GraphFP219,0.0
2552,GraphFP218,0.0
2551,GraphFP217,0.0
2550,GraphFP216,0.0
2545,GraphFP211,0.0
2566,GraphFP234,0.0
2564,GraphFP230,0.0
2560,GraphFP226,0.0
2559,GraphFP225,0.0
2555,GraphFP221,0.0
768,FP437,0.0
720,FP388,0.0
719,FP387,0.0
718,FP386,0.0
717,FP385,0.0
714,FP382,0.0
2568,GraphFP236,0.0
763,FP432,0.0
761,FP430,0.0
749,FP418,0.0
776,FP445,0.0
773,FP442,0.0
772,FP441,0.0
770,FP439,0.0
2554,GraphFP220,0.0
2451,GraphFP111,0.0
2448,GraphFP108,0.0
2446,GraphFP106,0.0
2445,GraphFP105,0.0
2460,GraphFP120,0.0
2459,GraphFP119,0.0
2458,GraphFP118,0.0
2457,GraphFP117,0.0
2456,GraphFP116,0.0
2455,GraphFP115,0.0
2414,GraphFP72,0.0
2413,GraphFP71,0.0
2480,GraphFP141,0.0
2409,GraphFP66,0.0
2408,GraphFP65,0.0
2407,GraphFP64,0.0
2403,GraphFP60,0.0
2423,GraphFP82,0.0
2422,GraphFP81,0.0
3411,AD2D649,0.0
2419,GraphFP78,0.0
2418,GraphFP77,0.0
2416,GraphFP74,0.0
2438,GraphFP97,0.0
2436,GraphFP95,0.0
2435,GraphFP94,0.0
2410,GraphFP68,0.0
2479,GraphFP140,0.0
2478,GraphFP139,0.0
2477,GraphFP138,0.0
2498,GraphFP160,0.0
2497,GraphFP159,0.0
2495,GraphFP157,0.0
2492,GraphFP154,0.0
2490,GraphFP152,0.0
2489,GraphFP150,0.0
2488,GraphFP149,0.0
2486,GraphFP147,0.0
748,FP417,0.0
747,FP416,0.0
2453,GraphFP113,0.0
2502,GraphFP165,0.0
2500,GraphFP163,0.0
797,FP466,0.0
794,FP463,0.0
791,FP460,0.0
788,FP457,0.0
2443,GraphFP103,0.0
2442,GraphFP102,0.0
806,FP475,0.0
801,FP470,0.0
800,FP469,0.0
798,FP467,0.0
2454,GraphFP114,0.0
746,FP415,0.0
2112,ExtFP768,0.0
984,FP654,0.0
983,FP653,0.0
982,FP652,0.0
981,FP651,0.0
980,FP650,0.0
1008,FP678,0.0
1006,FP676,0.0
1003,FP673,0.0
1001,FP671,0.0
2056,ExtFP711,0.0
2055,ExtFP710,0.0
2293,ExtFP952,0.0
1020,FP690,0.0
1019,FP689,0.0
1016,FP686,0.0
1014,FP684,0.0
1013,FP683,0.0
1012,FP682,0.0
2058,ExtFP713,0.0
1030,FP700,0.0
1029,FP699,0.0
1026,FP696,0.0
1025,FP695,0.0
1023,FP693,0.0
1022,FP692,0.0
1021,FP691,0.0
2149,ExtFP805,0.0
2146,ExtFP802,0.0
2145,ExtFP801,0.0
2143,ExtFP799,0.0
2142,ExtFP798,0.0
2140,ExtFP796,0.0
2097,ExtFP753,0.0
2096,ExtFP752,0.0
2094,ExtFP750,0.0
2093,ExtFP749,0.0
2092,ExtFP748,0.0
2090,ExtFP746,0.0
2116,ExtFP772,0.0
2087,ExtFP743,0.0
2110,ExtFP766,0.0
2109,ExtFP765,0.0
2107,ExtFP763,0.0
2105,ExtFP761,0.0
2102,ExtFP758,0.0
2101,ExtFP757,0.0
2100,ExtFP756,0.0
973,FP643,0.0
970,FP640,0.0
969,FP639,0.0
2120,ExtFP776,0.0
2117,ExtFP773,0.0
2088,ExtFP744,0.0
1996,ExtFP650,0.0
1995,ExtFP649,0.0
1994,ExtFP648,0.0
1993,ExtFP647,0.0
1990,ExtFP644,0.0
1988,ExtFP642,0.0
2009,ExtFP663,0.0
2005,ExtFP659,0.0
2003,ExtFP657,0.0
2001,ExtFP655,0.0
2000,ExtFP654,0.0
1998,ExtFP652,0.0
2086,ExtFP742,0.0
2019,ExtFP673,0.0
2018,ExtFP672,0.0
2017,ExtFP671,0.0
2016,ExtFP670,0.0
2015,ExtFP669,0.0
2013,ExtFP667,0.0
2012,ExtFP666,0.0
1040,FP710,0.0
1039,FP709,0.0
1037,FP707,0.0
1035,FP705,0.0
2021,ExtFP675,0.0
2020,ExtFP674,0.0
1997,ExtFP651,0.0
2079,ExtFP735,0.0
2069,ExtFP724,0.0
2066,ExtFP721,0.0
2061,ExtFP716,0.0
1052,FP722,0.0
1051,FP721,0.0
1049,FP719,0.0
1048,FP718,0.0
1043,FP713,0.0
1042,FP712,0.0
2027,ExtFP681,0.0
2025,ExtFP679,0.0
1063,FP733,0.0
2045,ExtFP699,0.0
1055,FP725,0.0
1054,FP724,0.0
2040,ExtFP694,0.0
2035,ExtFP689,0.0
2034,ExtFP688,0.0
2032,ExtFP686,0.0
2030,ExtFP684,0.0
2029,ExtFP683,0.0
2054,ExtFP709,0.0
2053,ExtFP708,0.0
2051,ExtFP706,0.0
2050,ExtFP705,0.0
2049,ExtFP704,0.0
1058,FP728,0.0
927,FP597,0.0
921,FP591,0.0
2224,ExtFP881,0.0
2222,ExtFP879,0.0
933,FP603,0.0
932,FP602,0.0
2233,ExtFP890,0.0
2230,ExtFP887,0.0
2229,ExtFP886,0.0
2226,ExtFP883,0.0
2246,ExtFP903,0.0
2245,ExtFP902,0.0
2127,ExtFP783,0.0
2236,ExtFP893,0.0
2234,ExtFP891,0.0
2186,ExtFP842,0.0
2184,ExtFP840,0.0
2183,ExtFP839,0.0
2182,ExtFP838,0.0
2181,ExtFP837,0.0
2173,ExtFP829,0.0
2194,ExtFP851,0.0
2193,ExtFP850,0.0
2192,ExtFP849,0.0
2191,ExtFP848,0.0
2189,ExtFP845,0.0
2244,ExtFP901,0.0
2290,ExtFP948,0.0
2289,ExtFP947,0.0
887,FP556,0.0
884,FP553,0.0
882,FP551,0.0
876,FP545,0.0
875,FP544,0.0
874,FP543,0.0
2248,ExtFP905,0.0
2253,ExtFP911,0.0
900,FP569,0.0
895,FP564,0.0
928,FP598,0.0
2268,ExtFP926,0.0
2262,ExtFP920,0.0
2259,ExtFP917,0.0
2255,ExtFP913,0.0
2254,ExtFP912,0.0
2279,ExtFP937,0.0
2278,ExtFP936,0.0
2275,ExtFP933,0.0
2274,ExtFP932,0.0
2272,ExtFP930,0.0
2270,ExtFP928,0.0
2269,ExtFP927,0.0
929,FP599,0.0
889,FP558,0.0
2153,ExtFP809,0.0
968,FP638,0.0
966,FP636,0.0
965,FP635,0.0
2172,ExtFP828,0.0
2171,ExtFP827,0.0
2167,ExtFP823,0.0
2165,ExtFP821,0.0
2163,ExtFP819,0.0
2159,ExtFP815,0.0
2158,ExtFP814,0.0
996,FP666,0.0
2188,ExtFP844,0.0
994,FP664,0.0
992,FP662,0.0
991,FP661,0.0
990,FP660,0.0
986,FP656,0.0
2126,ExtFP782,0.0
2123,ExtFP779,0.0
2121,ExtFP777,0.0
1000,FP670,0.0
2139,ExtFP795,0.0
2138,ExtFP794,0.0
2134,ExtFP790,0.0
2131,ExtFP787,0.0
995,FP665,0.0
2187,ExtFP843,0.0
2210,ExtFP867,0.0
2208,ExtFP865,0.0
2201,ExtFP858,0.0
2199,ExtFP856,0.0
919,FP589,0.0
918,FP588,0.0
915,FP585,0.0
912,FP582,0.0
911,FP581,0.0
906,FP576,0.0
2214,ExtFP871,0.0
948,FP618,0.0
2154,ExtFP810,0.0
946,FP616,0.0
945,FP615,0.0
940,FP610,0.0
939,FP609,0.0
960,FP630,0.0
959,FP629,0.0
958,FP628,0.0
955,FP625,0.0
953,FP623,0.0
952,FP622,0.0
951,FP621,0.0
2156,ExtFP812,0.0
2155,ExtFP811,0.0
947,FP617,0.0
